01:18:19.488 [background-preinit] INFO  o.h.v.i.util.Version - [<clinit>,21] - HV000001: Hibernate Validator 6.2.0.Final
01:18:19.488 [restartedMain] INFO  c.s.RuoYiApplication - [logStarting,55] - Starting RuoYiApplication using Java 1.8.0_442 on MGMMacBook-Pro.local with PID 5777 (/Users/mgm/Desktop/YoLive-main/source-vue-master/source-admin/target/classes started by mgm in /Users/mgm/Desktop/YoLive-main)
01:18:19.500 [restartedMain] INFO  c.s.RuoYiApplication - [logStartupProfileInfo,674] - The following profiles are active: druid
01:18:22.904 [restartedMain] INFO  o.a.c.h.Http11NioProtocol - [log,173] - Initializing ProtocolHandler ["http-nio-0.0.0.0-8088"]
01:18:22.907 [restartedMain] INFO  o.a.c.c.StandardService - [log,173] - Starting service [Tomcat]
01:18:22.907 [restartedMain] INFO  o.a.c.c.StandardEngine - [log,173] - Starting Servlet engine: [Apache Tomcat/9.0.56]
01:18:22.988 [restartedMain] INFO  o.a.c.c.C.[.[.[/] - [log,173] - Initializing Spring embedded WebApplicationContext
01:18:24.776 [restartedMain] INFO  c.a.d.p.DruidDataSource - [init,998] - {dataSource-1} inited
01:18:24.839 [restartedMain] INFO  o.h.j.i.u.LogHelper - [logPersistenceUnitInformation,31] - HHH000204: Processing PersistenceUnitInfo [name: default]
01:18:24.892 [restartedMain] INFO  o.hibernate.Version - [logVersion,44] - HHH000412: Hibernate ORM core version 5.4.33
01:18:25.027 [restartedMain] INFO  o.h.a.common.Version - [<clinit>,56] - HCANN000001: Hibernate Commons Annotations {5.1.2.Final}
01:18:25.141 [restartedMain] INFO  o.h.dialect.Dialect - [<init>,175] - HHH000400: Using dialect: org.hibernate.dialect.MySQL8Dialect
01:18:25.356 [restartedMain] INFO  o.h.e.t.j.p.i.JtaPlatformInitiator - [initiateService,52] - HHH000490: Using JtaPlatform implementation: [org.hibernate.engine.transaction.jta.platform.internal.NoJtaPlatform]
01:18:27.950 [restartedMain] INFO  o.q.i.StdSchedulerFactory - [instantiate,1220] - Using default implementation for ThreadExecutor
01:18:27.959 [restartedMain] INFO  o.q.c.SchedulerSignalerImpl - [<init>,61] - Initialized Scheduler Signaller of type: class org.quartz.core.SchedulerSignalerImpl
01:18:27.959 [restartedMain] INFO  o.q.c.QuartzScheduler - [<init>,229] - Quartz Scheduler v.2.3.2 created.
01:18:27.963 [restartedMain] INFO  o.q.c.QuartzScheduler - [initialize,294] - Scheduler meta-data: Quartz Scheduler (v2.3.2) 'RuoyiScheduler' with instanceId 'MGMMacBook-Pro.local1748708307951'
  Scheduler class: 'org.quartz.core.QuartzScheduler' - running locally.
  NOT STARTED.
  Currently in standby mode.
  Number of jobs executed: 0
  Using thread pool 'org.quartz.simpl.SimpleThreadPool' - with 20 threads.
  Using job-store 'org.springframework.scheduling.quartz.LocalDataSourceJobStore' - which supports persistence. and is clustered.

01:18:27.963 [restartedMain] INFO  o.q.i.StdSchedulerFactory - [instantiate,1374] - Quartz scheduler 'RuoyiScheduler' initialized from an externally provided properties instance.
01:18:27.963 [restartedMain] INFO  o.q.i.StdSchedulerFactory - [instantiate,1378] - Quartz scheduler version: 2.3.2
01:18:27.965 [restartedMain] INFO  o.q.c.QuartzScheduler - [setJobFactory,2293] - JobFactory set to: org.springframework.scheduling.quartz.AdaptableJobFactory@17e62024
01:18:30.079 [restartedMain] INFO  o.a.c.h.Http11NioProtocol - [log,173] - Starting ProtocolHandler ["http-nio-0.0.0.0-8088"]
01:18:30.511 [restartedMain] INFO  c.s.RuoYiApplication - [logStarted,61] - Started RuoYiApplication in 11.6 seconds (JVM running for 12.828)
01:18:31.541 [Quartz Scheduler [RuoyiScheduler]] INFO  o.q.c.QuartzScheduler - [start,547] - Scheduler RuoyiScheduler_$_MGMMacBook-Pro.local1748708307951 started.
01:19:27.630 [http-nio-0.0.0.0-8088-exec-1] INFO  o.a.c.c.C.[.[.[/] - [log,173] - Initializing Spring DispatcherServlet 'dispatcherServlet'
01:19:28.518 [http-nio-0.0.0.0-8088-exec-4] INFO  c.s.c.u.h.HttpUtils - [sendGet,63] - sendGet - https://api.weixin.qq.com/cgi-bin/token?grant_type=client_credential&appid=换你自己的&secret=换你自己的
01:19:29.210 [http-nio-0.0.0.0-8088-exec-4] INFO  c.s.c.u.h.HttpUtils - [sendGet,76] - recv - {"errcode":40013,"errmsg":"invalid appid rid: 683b2c11-4aa7c348-778811d5"}
01:19:31.029 [http-nio-0.0.0.0-8088-exec-7] INFO  c.s.c.u.h.HttpUtils - [sendGet,63] - sendGet - https://api.weixin.qq.com/cgi-bin/token?grant_type=client_credential&appid=换你自己的&secret=换你自己的
01:19:31.092 [http-nio-0.0.0.0-8088-exec-7] INFO  c.s.c.u.h.HttpUtils - [sendGet,76] - recv - {"errcode":40013,"errmsg":"invalid appid rid: 683b2c13-06499311-45ceec3b"}
01:19:41.202 [schedule-pool-1] INFO  sys-user - [run,55] - [127.0.0.1]内网IP[admin][Success][登录成功]
01:22:24.536 [Thread-21] INFO  o.q.c.QuartzScheduler - [standby,585] - Scheduler RuoyiScheduler_$_MGMMacBook-Pro.local1748708307951 paused.
01:22:24.587 [Thread-21] INFO  o.q.c.QuartzScheduler - [shutdown,666] - Scheduler RuoyiScheduler_$_MGMMacBook-Pro.local1748708307951 shutting down.
01:22:24.587 [Thread-21] INFO  o.q.c.QuartzScheduler - [standby,585] - Scheduler RuoyiScheduler_$_MGMMacBook-Pro.local1748708307951 paused.
01:22:24.588 [Thread-21] INFO  o.q.c.QuartzScheduler - [shutdown,740] - Scheduler RuoyiScheduler_$_MGMMacBook-Pro.local1748708307951 shutdown complete.
01:22:24.589 [Thread-21] INFO  sys-user - [shutdownAsyncManager,31] - ====关闭后台任务任务线程池====
01:22:24.600 [Thread-21] INFO  c.a.d.p.DruidDataSource - [close,2071] - {dataSource-1} closing ...
01:22:24.616 [Thread-21] INFO  c.a.d.p.DruidDataSource - [close,2144] - {dataSource-1} closed
01:22:25.545 [restartedMain] INFO  c.s.RuoYiApplication - [logStarting,55] - Starting RuoYiApplication using Java 1.8.0_442 on MGMMacBook-Pro.local with PID 5777 (/Users/mgm/Desktop/YoLive-main/source-vue-master/source-admin/target/classes started by mgm in /Users/mgm/Desktop/YoLive-main)
01:22:25.547 [restartedMain] INFO  c.s.RuoYiApplication - [logStartupProfileInfo,674] - The following profiles are active: druid
01:22:26.650 [restartedMain] INFO  o.a.c.h.Http11NioProtocol - [log,173] - Initializing ProtocolHandler ["http-nio-0.0.0.0-8088"]
01:22:26.651 [restartedMain] INFO  o.a.c.c.StandardService - [log,173] - Starting service [Tomcat]
01:22:26.652 [restartedMain] INFO  o.a.c.c.StandardEngine - [log,173] - Starting Servlet engine: [Apache Tomcat/9.0.56]
01:22:26.675 [restartedMain] INFO  o.a.c.c.C.[.[.[/] - [log,173] - Initializing Spring embedded WebApplicationContext
01:22:27.293 [restartedMain] INFO  c.a.d.p.DruidDataSource - [init,998] - {dataSource-2} inited
01:22:27.310 [restartedMain] INFO  o.h.j.i.u.LogHelper - [logPersistenceUnitInformation,31] - HHH000204: Processing PersistenceUnitInfo [name: default]
01:22:27.319 [restartedMain] INFO  o.h.dialect.Dialect - [<init>,175] - HHH000400: Using dialect: org.hibernate.dialect.MySQL8Dialect
01:22:27.339 [restartedMain] INFO  o.h.e.t.j.p.i.JtaPlatformInitiator - [initiateService,52] - HHH000490: Using JtaPlatform implementation: [org.hibernate.engine.transaction.jta.platform.internal.NoJtaPlatform]
01:22:28.389 [restartedMain] INFO  o.q.i.StdSchedulerFactory - [instantiate,1220] - Using default implementation for ThreadExecutor
01:22:28.391 [restartedMain] INFO  o.q.c.SchedulerSignalerImpl - [<init>,61] - Initialized Scheduler Signaller of type: class org.quartz.core.SchedulerSignalerImpl
01:22:28.392 [restartedMain] INFO  o.q.c.QuartzScheduler - [<init>,229] - Quartz Scheduler v.2.3.2 created.
01:22:28.392 [restartedMain] INFO  o.q.c.QuartzScheduler - [initialize,294] - Scheduler meta-data: Quartz Scheduler (v2.3.2) 'RuoyiScheduler' with instanceId 'MGMMacBook-Pro.local1748708548390'
  Scheduler class: 'org.quartz.core.QuartzScheduler' - running locally.
  NOT STARTED.
  Currently in standby mode.
  Number of jobs executed: 0
  Using thread pool 'org.quartz.simpl.SimpleThreadPool' - with 20 threads.
  Using job-store 'org.springframework.scheduling.quartz.LocalDataSourceJobStore' - which supports persistence. and is clustered.

01:22:28.392 [restartedMain] INFO  o.q.i.StdSchedulerFactory - [instantiate,1374] - Quartz scheduler 'RuoyiScheduler' initialized from an externally provided properties instance.
01:22:28.392 [restartedMain] INFO  o.q.i.StdSchedulerFactory - [instantiate,1378] - Quartz scheduler version: 2.3.2
01:22:28.393 [restartedMain] INFO  o.q.c.QuartzScheduler - [setJobFactory,2293] - JobFactory set to: org.springframework.scheduling.quartz.AdaptableJobFactory@1c8d71b2
01:22:29.570 [restartedMain] INFO  o.a.c.h.Http11NioProtocol - [log,173] - Starting ProtocolHandler ["http-nio-0.0.0.0-8088"]
01:22:29.713 [restartedMain] INFO  c.s.RuoYiApplication - [logStarted,61] - Started RuoYiApplication in 4.591 seconds (JVM running for 252.034)
01:22:30.752 [Quartz Scheduler [RuoyiScheduler]] INFO  o.q.c.QuartzScheduler - [start,547] - Scheduler RuoyiScheduler_$_MGMMacBook-Pro.local1748708548390 started.
01:22:34.320 [Thread-35] INFO  o.q.c.QuartzScheduler - [standby,585] - Scheduler RuoyiScheduler_$_MGMMacBook-Pro.local1748708548390 paused.
01:22:34.357 [Thread-35] INFO  o.q.c.QuartzScheduler - [shutdown,666] - Scheduler RuoyiScheduler_$_MGMMacBook-Pro.local1748708548390 shutting down.
01:22:34.358 [Thread-35] INFO  o.q.c.QuartzScheduler - [standby,585] - Scheduler RuoyiScheduler_$_MGMMacBook-Pro.local1748708548390 paused.
01:22:34.359 [Thread-35] INFO  o.q.c.QuartzScheduler - [shutdown,740] - Scheduler RuoyiScheduler_$_MGMMacBook-Pro.local1748708548390 shutdown complete.
01:22:34.359 [Thread-35] INFO  sys-user - [shutdownAsyncManager,31] - ====关闭后台任务任务线程池====
01:22:34.372 [Thread-35] INFO  c.a.d.p.DruidDataSource - [close,2071] - {dataSource-2} closing ...
01:22:34.379 [Thread-35] INFO  c.a.d.p.DruidDataSource - [close,2144] - {dataSource-2} closed
01:22:35.015 [restartedMain] INFO  c.s.RuoYiApplication - [logStarting,55] - Starting RuoYiApplication using Java 1.8.0_442 on MGMMacBook-Pro.local with PID 5777 (/Users/mgm/Desktop/YoLive-main/source-vue-master/source-admin/target/classes started by mgm in /Users/mgm/Desktop/YoLive-main)
01:22:35.017 [restartedMain] INFO  c.s.RuoYiApplication - [logStartupProfileInfo,674] - The following profiles are active: druid
01:22:35.860 [restartedMain] INFO  o.a.c.h.Http11NioProtocol - [log,173] - Initializing ProtocolHandler ["http-nio-0.0.0.0-8088"]
01:22:35.862 [restartedMain] INFO  o.a.c.c.StandardService - [log,173] - Starting service [Tomcat]
01:22:35.862 [restartedMain] INFO  o.a.c.c.StandardEngine - [log,173] - Starting Servlet engine: [Apache Tomcat/9.0.56]
01:22:35.887 [restartedMain] INFO  o.a.c.c.C.[.[.[/] - [log,173] - Initializing Spring embedded WebApplicationContext
01:22:36.468 [restartedMain] INFO  c.a.d.p.DruidDataSource - [init,998] - {dataSource-3} inited
01:22:36.484 [restartedMain] INFO  o.h.j.i.u.LogHelper - [logPersistenceUnitInformation,31] - HHH000204: Processing PersistenceUnitInfo [name: default]
01:22:36.491 [restartedMain] INFO  o.h.dialect.Dialect - [<init>,175] - HHH000400: Using dialect: org.hibernate.dialect.MySQL8Dialect
01:22:36.506 [restartedMain] INFO  o.h.e.t.j.p.i.JtaPlatformInitiator - [initiateService,52] - HHH000490: Using JtaPlatform implementation: [org.hibernate.engine.transaction.jta.platform.internal.NoJtaPlatform]
01:22:37.338 [restartedMain] INFO  o.q.i.StdSchedulerFactory - [instantiate,1220] - Using default implementation for ThreadExecutor
01:22:37.340 [restartedMain] INFO  o.q.c.SchedulerSignalerImpl - [<init>,61] - Initialized Scheduler Signaller of type: class org.quartz.core.SchedulerSignalerImpl
01:22:37.340 [restartedMain] INFO  o.q.c.QuartzScheduler - [<init>,229] - Quartz Scheduler v.2.3.2 created.
01:22:37.341 [restartedMain] INFO  o.q.c.QuartzScheduler - [initialize,294] - Scheduler meta-data: Quartz Scheduler (v2.3.2) 'RuoyiScheduler' with instanceId 'MGMMacBook-Pro.local1748708557339'
  Scheduler class: 'org.quartz.core.QuartzScheduler' - running locally.
  NOT STARTED.
  Currently in standby mode.
  Number of jobs executed: 0
  Using thread pool 'org.quartz.simpl.SimpleThreadPool' - with 20 threads.
  Using job-store 'org.springframework.scheduling.quartz.LocalDataSourceJobStore' - which supports persistence. and is clustered.

01:22:37.341 [restartedMain] INFO  o.q.i.StdSchedulerFactory - [instantiate,1374] - Quartz scheduler 'RuoyiScheduler' initialized from an externally provided properties instance.
01:22:37.341 [restartedMain] INFO  o.q.i.StdSchedulerFactory - [instantiate,1378] - Quartz scheduler version: 2.3.2
01:22:37.341 [restartedMain] INFO  o.q.c.QuartzScheduler - [setJobFactory,2293] - JobFactory set to: org.springframework.scheduling.quartz.AdaptableJobFactory@3594cfa0
01:22:38.390 [restartedMain] INFO  o.a.c.h.Http11NioProtocol - [log,173] - Starting ProtocolHandler ["http-nio-0.0.0.0-8088"]
01:22:38.524 [restartedMain] INFO  c.s.RuoYiApplication - [logStarted,61] - Started RuoYiApplication in 3.65 seconds (JVM running for 260.845)
01:22:39.565 [Quartz Scheduler [RuoyiScheduler]] INFO  o.q.c.QuartzScheduler - [start,547] - Scheduler RuoyiScheduler_$_MGMMacBook-Pro.local1748708557339 started.
01:22:53.806 [Thread-42] INFO  o.q.c.QuartzScheduler - [standby,585] - Scheduler RuoyiScheduler_$_MGMMacBook-Pro.local1748708557339 paused.
01:22:53.837 [Thread-42] INFO  o.q.c.QuartzScheduler - [shutdown,666] - Scheduler RuoyiScheduler_$_MGMMacBook-Pro.local1748708557339 shutting down.
01:22:53.837 [Thread-42] INFO  o.q.c.QuartzScheduler - [standby,585] - Scheduler RuoyiScheduler_$_MGMMacBook-Pro.local1748708557339 paused.
01:22:53.839 [Thread-42] INFO  o.q.c.QuartzScheduler - [shutdown,740] - Scheduler RuoyiScheduler_$_MGMMacBook-Pro.local1748708557339 shutdown complete.
01:22:53.839 [Thread-42] INFO  sys-user - [shutdownAsyncManager,31] - ====关闭后台任务任务线程池====
01:22:53.847 [Thread-42] INFO  c.a.d.p.DruidDataSource - [close,2071] - {dataSource-3} closing ...
01:22:53.863 [Thread-42] INFO  c.a.d.p.DruidDataSource - [close,2144] - {dataSource-3} closed
01:22:54.559 [restartedMain] INFO  c.s.RuoYiApplication - [logStarting,55] - Starting RuoYiApplication using Java 1.8.0_442 on MGMMacBook-Pro.local with PID 5777 (/Users/mgm/Desktop/YoLive-main/source-vue-master/source-admin/target/classes started by mgm in /Users/mgm/Desktop/YoLive-main)
01:22:54.562 [restartedMain] INFO  c.s.RuoYiApplication - [logStartupProfileInfo,674] - The following profiles are active: druid
01:22:55.523 [restartedMain] INFO  o.a.c.h.Http11NioProtocol - [log,173] - Initializing ProtocolHandler ["http-nio-0.0.0.0-8088"]
01:22:55.525 [restartedMain] INFO  o.a.c.c.StandardService - [log,173] - Starting service [Tomcat]
01:22:55.526 [restartedMain] INFO  o.a.c.c.StandardEngine - [log,173] - Starting Servlet engine: [Apache Tomcat/9.0.56]
01:22:55.538 [restartedMain] INFO  o.a.c.c.C.[.[.[/] - [log,173] - Initializing Spring embedded WebApplicationContext
01:22:56.001 [restartedMain] INFO  c.a.d.p.DruidDataSource - [init,998] - {dataSource-4} inited
01:22:56.016 [restartedMain] INFO  o.h.j.i.u.LogHelper - [logPersistenceUnitInformation,31] - HHH000204: Processing PersistenceUnitInfo [name: default]
01:22:56.023 [restartedMain] INFO  o.h.dialect.Dialect - [<init>,175] - HHH000400: Using dialect: org.hibernate.dialect.MySQL8Dialect
01:22:56.054 [restartedMain] INFO  o.h.e.t.j.p.i.JtaPlatformInitiator - [initiateService,52] - HHH000490: Using JtaPlatform implementation: [org.hibernate.engine.transaction.jta.platform.internal.NoJtaPlatform]
01:22:56.801 [restartedMain] INFO  o.q.i.StdSchedulerFactory - [instantiate,1220] - Using default implementation for ThreadExecutor
01:22:56.803 [restartedMain] INFO  o.q.c.SchedulerSignalerImpl - [<init>,61] - Initialized Scheduler Signaller of type: class org.quartz.core.SchedulerSignalerImpl
01:22:56.803 [restartedMain] INFO  o.q.c.QuartzScheduler - [<init>,229] - Quartz Scheduler v.2.3.2 created.
01:22:56.804 [restartedMain] INFO  o.q.c.QuartzScheduler - [initialize,294] - Scheduler meta-data: Quartz Scheduler (v2.3.2) 'RuoyiScheduler' with instanceId 'MGMMacBook-Pro.local1748708576801'
  Scheduler class: 'org.quartz.core.QuartzScheduler' - running locally.
  NOT STARTED.
  Currently in standby mode.
  Number of jobs executed: 0
  Using thread pool 'org.quartz.simpl.SimpleThreadPool' - with 20 threads.
  Using job-store 'org.springframework.scheduling.quartz.LocalDataSourceJobStore' - which supports persistence. and is clustered.

01:22:56.804 [restartedMain] INFO  o.q.i.StdSchedulerFactory - [instantiate,1374] - Quartz scheduler 'RuoyiScheduler' initialized from an externally provided properties instance.
01:22:56.804 [restartedMain] INFO  o.q.i.StdSchedulerFactory - [instantiate,1378] - Quartz scheduler version: 2.3.2
01:22:56.804 [restartedMain] INFO  o.q.c.QuartzScheduler - [setJobFactory,2293] - JobFactory set to: org.springframework.scheduling.quartz.AdaptableJobFactory@23ad76ff
01:22:57.794 [restartedMain] INFO  o.a.c.h.Http11NioProtocol - [log,173] - Starting ProtocolHandler ["http-nio-0.0.0.0-8088"]
01:22:57.908 [restartedMain] INFO  c.s.RuoYiApplication - [logStarted,61] - Started RuoYiApplication in 3.485 seconds (JVM running for 280.23)
01:22:58.957 [Quartz Scheduler [RuoyiScheduler]] INFO  o.q.c.QuartzScheduler - [start,547] - Scheduler RuoyiScheduler_$_MGMMacBook-Pro.local1748708576801 started.
01:23:46.714 [Thread-49] INFO  o.q.c.QuartzScheduler - [standby,585] - Scheduler RuoyiScheduler_$_MGMMacBook-Pro.local1748708576801 paused.
01:23:46.751 [Thread-49] INFO  o.q.c.QuartzScheduler - [shutdown,666] - Scheduler RuoyiScheduler_$_MGMMacBook-Pro.local1748708576801 shutting down.
01:23:46.752 [Thread-49] INFO  o.q.c.QuartzScheduler - [standby,585] - Scheduler RuoyiScheduler_$_MGMMacBook-Pro.local1748708576801 paused.
01:23:46.753 [Thread-49] INFO  o.q.c.QuartzScheduler - [shutdown,740] - Scheduler RuoyiScheduler_$_MGMMacBook-Pro.local1748708576801 shutdown complete.
01:23:46.753 [Thread-49] INFO  sys-user - [shutdownAsyncManager,31] - ====关闭后台任务任务线程池====
01:23:46.766 [Thread-49] INFO  c.a.d.p.DruidDataSource - [close,2071] - {dataSource-4} closing ...
01:23:46.779 [Thread-49] INFO  c.a.d.p.DruidDataSource - [close,2144] - {dataSource-4} closed
01:23:47.780 [restartedMain] INFO  c.s.RuoYiApplication - [logStarting,55] - Starting RuoYiApplication using Java 1.8.0_442 on MGMMacBook-Pro.local with PID 5777 (/Users/mgm/Desktop/YoLive-main/source-vue-master/source-admin/target/classes started by mgm in /Users/mgm/Desktop/YoLive-main)
01:23:47.784 [restartedMain] INFO  c.s.RuoYiApplication - [logStartupProfileInfo,674] - The following profiles are active: druid
01:23:48.947 [restartedMain] INFO  o.a.c.h.Http11NioProtocol - [log,173] - Initializing ProtocolHandler ["http-nio-0.0.0.0-8088"]
01:23:48.948 [restartedMain] INFO  o.a.c.c.StandardService - [log,173] - Starting service [Tomcat]
01:23:48.948 [restartedMain] INFO  o.a.c.c.StandardEngine - [log,173] - Starting Servlet engine: [Apache Tomcat/9.0.56]
01:23:48.961 [restartedMain] INFO  o.a.c.c.C.[.[.[/] - [log,173] - Initializing Spring embedded WebApplicationContext
01:23:49.562 [restartedMain] INFO  c.a.d.p.DruidDataSource - [init,998] - {dataSource-5} inited
01:23:49.576 [restartedMain] INFO  o.h.j.i.u.LogHelper - [logPersistenceUnitInformation,31] - HHH000204: Processing PersistenceUnitInfo [name: default]
01:23:49.585 [restartedMain] INFO  o.h.dialect.Dialect - [<init>,175] - HHH000400: Using dialect: org.hibernate.dialect.MySQL8Dialect
01:23:49.605 [restartedMain] INFO  o.h.e.t.j.p.i.JtaPlatformInitiator - [initiateService,52] - HHH000490: Using JtaPlatform implementation: [org.hibernate.engine.transaction.jta.platform.internal.NoJtaPlatform]
01:23:50.676 [restartedMain] INFO  o.q.i.StdSchedulerFactory - [instantiate,1220] - Using default implementation for ThreadExecutor
01:23:50.678 [restartedMain] INFO  o.q.c.SchedulerSignalerImpl - [<init>,61] - Initialized Scheduler Signaller of type: class org.quartz.core.SchedulerSignalerImpl
01:23:50.678 [restartedMain] INFO  o.q.c.QuartzScheduler - [<init>,229] - Quartz Scheduler v.2.3.2 created.
01:23:50.678 [restartedMain] INFO  o.q.c.QuartzScheduler - [initialize,294] - Scheduler meta-data: Quartz Scheduler (v2.3.2) 'RuoyiScheduler' with instanceId 'MGMMacBook-Pro.local1748708630676'
  Scheduler class: 'org.quartz.core.QuartzScheduler' - running locally.
  NOT STARTED.
  Currently in standby mode.
  Number of jobs executed: 0
  Using thread pool 'org.quartz.simpl.SimpleThreadPool' - with 20 threads.
  Using job-store 'org.springframework.scheduling.quartz.LocalDataSourceJobStore' - which supports persistence. and is clustered.

01:23:50.678 [restartedMain] INFO  o.q.i.StdSchedulerFactory - [instantiate,1374] - Quartz scheduler 'RuoyiScheduler' initialized from an externally provided properties instance.
01:23:50.678 [restartedMain] INFO  o.q.i.StdSchedulerFactory - [instantiate,1378] - Quartz scheduler version: 2.3.2
01:23:50.679 [restartedMain] INFO  o.q.c.QuartzScheduler - [setJobFactory,2293] - JobFactory set to: org.springframework.scheduling.quartz.AdaptableJobFactory@3d33982e
01:23:51.780 [restartedMain] INFO  o.a.c.h.Http11NioProtocol - [log,173] - Starting ProtocolHandler ["http-nio-0.0.0.0-8088"]
01:23:51.905 [restartedMain] INFO  c.s.RuoYiApplication - [logStarted,61] - Started RuoYiApplication in 4.373 seconds (JVM running for 334.227)
01:23:52.936 [Quartz Scheduler [RuoyiScheduler]] INFO  o.q.c.QuartzScheduler - [start,547] - Scheduler RuoyiScheduler_$_MGMMacBook-Pro.local1748708630676 started.
01:23:57.555 [Thread-56] INFO  o.q.c.QuartzScheduler - [standby,585] - Scheduler RuoyiScheduler_$_MGMMacBook-Pro.local1748708630676 paused.
01:23:57.593 [Thread-56] INFO  o.q.c.QuartzScheduler - [shutdown,666] - Scheduler RuoyiScheduler_$_MGMMacBook-Pro.local1748708630676 shutting down.
01:23:57.594 [Thread-56] INFO  o.q.c.QuartzScheduler - [standby,585] - Scheduler RuoyiScheduler_$_MGMMacBook-Pro.local1748708630676 paused.
01:23:57.594 [Thread-56] INFO  o.q.c.QuartzScheduler - [shutdown,740] - Scheduler RuoyiScheduler_$_MGMMacBook-Pro.local1748708630676 shutdown complete.
01:23:57.595 [Thread-56] INFO  sys-user - [shutdownAsyncManager,31] - ====关闭后台任务任务线程池====
01:23:57.604 [Thread-56] INFO  c.a.d.p.DruidDataSource - [close,2071] - {dataSource-5} closing ...
01:23:57.611 [Thread-56] INFO  c.a.d.p.DruidDataSource - [close,2144] - {dataSource-5} closed
01:23:58.303 [restartedMain] INFO  c.s.RuoYiApplication - [logStarting,55] - Starting RuoYiApplication using Java 1.8.0_442 on MGMMacBook-Pro.local with PID 5777 (/Users/mgm/Desktop/YoLive-main/source-vue-master/source-admin/target/classes started by mgm in /Users/mgm/Desktop/YoLive-main)
01:23:58.306 [restartedMain] INFO  c.s.RuoYiApplication - [logStartupProfileInfo,674] - The following profiles are active: druid
01:23:59.356 [restartedMain] INFO  o.a.c.h.Http11NioProtocol - [log,173] - Initializing ProtocolHandler ["http-nio-0.0.0.0-8088"]
01:23:59.357 [restartedMain] INFO  o.a.c.c.StandardService - [log,173] - Starting service [Tomcat]
01:23:59.357 [restartedMain] INFO  o.a.c.c.StandardEngine - [log,173] - Starting Servlet engine: [Apache Tomcat/9.0.56]
01:23:59.379 [restartedMain] INFO  o.a.c.c.C.[.[.[/] - [log,173] - Initializing Spring embedded WebApplicationContext
01:23:59.998 [restartedMain] INFO  c.a.d.p.DruidDataSource - [init,998] - {dataSource-6} inited
01:24:00.017 [restartedMain] INFO  o.h.j.i.u.LogHelper - [logPersistenceUnitInformation,31] - HHH000204: Processing PersistenceUnitInfo [name: default]
01:24:00.043 [restartedMain] INFO  o.h.dialect.Dialect - [<init>,175] - HHH000400: Using dialect: org.hibernate.dialect.MySQL8Dialect
01:24:00.074 [restartedMain] INFO  o.h.e.t.j.p.i.JtaPlatformInitiator - [initiateService,52] - HHH000490: Using JtaPlatform implementation: [org.hibernate.engine.transaction.jta.platform.internal.NoJtaPlatform]
01:24:01.710 [restartedMain] INFO  o.q.i.StdSchedulerFactory - [instantiate,1220] - Using default implementation for ThreadExecutor
01:24:01.715 [restartedMain] INFO  o.q.c.SchedulerSignalerImpl - [<init>,61] - Initialized Scheduler Signaller of type: class org.quartz.core.SchedulerSignalerImpl
01:24:01.716 [restartedMain] INFO  o.q.c.QuartzScheduler - [<init>,229] - Quartz Scheduler v.2.3.2 created.
01:24:01.716 [restartedMain] INFO  o.q.c.QuartzScheduler - [initialize,294] - Scheduler meta-data: Quartz Scheduler (v2.3.2) 'RuoyiScheduler' with instanceId 'MGMMacBook-Pro.local1748708641711'
  Scheduler class: 'org.quartz.core.QuartzScheduler' - running locally.
  NOT STARTED.
  Currently in standby mode.
  Number of jobs executed: 0
  Using thread pool 'org.quartz.simpl.SimpleThreadPool' - with 20 threads.
  Using job-store 'org.springframework.scheduling.quartz.LocalDataSourceJobStore' - which supports persistence. and is clustered.

01:24:01.716 [restartedMain] INFO  o.q.i.StdSchedulerFactory - [instantiate,1374] - Quartz scheduler 'RuoyiScheduler' initialized from an externally provided properties instance.
01:24:01.717 [restartedMain] INFO  o.q.i.StdSchedulerFactory - [instantiate,1378] - Quartz scheduler version: 2.3.2
01:24:01.717 [restartedMain] INFO  o.q.c.QuartzScheduler - [setJobFactory,2293] - JobFactory set to: org.springframework.scheduling.quartz.AdaptableJobFactory@51e94849
01:24:03.257 [restartedMain] INFO  o.a.c.h.Http11NioProtocol - [log,173] - Starting ProtocolHandler ["http-nio-0.0.0.0-8088"]
01:24:03.403 [restartedMain] INFO  c.s.RuoYiApplication - [logStarted,61] - Started RuoYiApplication in 5.221 seconds (JVM running for 345.725)
01:24:04.217 [SpringApplicationShutdownHook] INFO  o.q.c.QuartzScheduler - [shutdown,666] - Scheduler RuoyiScheduler_$_MGMMacBook-Pro.local1748708641711 shutting down.
01:24:04.218 [SpringApplicationShutdownHook] INFO  o.q.c.QuartzScheduler - [standby,585] - Scheduler RuoyiScheduler_$_MGMMacBook-Pro.local1748708641711 paused.
01:24:04.219 [SpringApplicationShutdownHook] INFO  o.q.c.QuartzScheduler - [shutdown,740] - Scheduler RuoyiScheduler_$_MGMMacBook-Pro.local1748708641711 shutdown complete.
01:24:04.220 [SpringApplicationShutdownHook] INFO  sys-user - [shutdownAsyncManager,31] - ====关闭后台任务任务线程池====
01:24:04.230 [SpringApplicationShutdownHook] INFO  c.a.d.p.DruidDataSource - [close,2071] - {dataSource-6} closing ...
01:24:04.235 [SpringApplicationShutdownHook] INFO  c.a.d.p.DruidDataSource - [close,2144] - {dataSource-6} closed
01:24:21.448 [restartedMain] INFO  c.s.RuoYiApplication - [logStarting,55] - Starting RuoYiApplication using Java 1.8.0_442 on MGMMacBook-Pro.local with PID 6615 (/Users/mgm/Desktop/YoLive-main/source-vue-master/source-admin/target/classes started by mgm in /Users/mgm/Desktop/YoLive-main)
01:24:21.466 [background-preinit] INFO  o.h.v.i.util.Version - [<clinit>,21] - HV000001: Hibernate Validator 6.2.0.Final
01:24:21.468 [restartedMain] INFO  c.s.RuoYiApplication - [logStartupProfileInfo,674] - The following profiles are active: druid
01:24:24.194 [restartedMain] INFO  o.a.c.h.Http11NioProtocol - [log,173] - Initializing ProtocolHandler ["http-nio-0.0.0.0-8088"]
01:24:24.196 [restartedMain] INFO  o.a.c.c.StandardService - [log,173] - Starting service [Tomcat]
01:24:24.196 [restartedMain] INFO  o.a.c.c.StandardEngine - [log,173] - Starting Servlet engine: [Apache Tomcat/9.0.56]
01:24:24.259 [restartedMain] INFO  o.a.c.c.C.[.[.[/] - [log,173] - Initializing Spring embedded WebApplicationContext
01:24:26.352 [restartedMain] INFO  c.a.d.p.DruidDataSource - [init,998] - {dataSource-1} inited
01:24:27.887 [restartedMain] INFO  o.q.i.StdSchedulerFactory - [instantiate,1220] - Using default implementation for ThreadExecutor
01:24:27.898 [restartedMain] INFO  o.q.c.SchedulerSignalerImpl - [<init>,61] - Initialized Scheduler Signaller of type: class org.quartz.core.SchedulerSignalerImpl
01:24:27.898 [restartedMain] INFO  o.q.c.QuartzScheduler - [<init>,229] - Quartz Scheduler v.2.3.2 created.
01:24:27.902 [restartedMain] INFO  o.q.c.QuartzScheduler - [initialize,294] - Scheduler meta-data: Quartz Scheduler (v2.3.2) 'RuoyiScheduler' with instanceId 'MGMMacBook-Pro.local1748708667890'
  Scheduler class: 'org.quartz.core.QuartzScheduler' - running locally.
  NOT STARTED.
  Currently in standby mode.
  Number of jobs executed: 0
  Using thread pool 'org.quartz.simpl.SimpleThreadPool' - with 20 threads.
  Using job-store 'org.springframework.scheduling.quartz.LocalDataSourceJobStore' - which supports persistence. and is clustered.

01:24:27.903 [restartedMain] INFO  o.q.i.StdSchedulerFactory - [instantiate,1374] - Quartz scheduler 'RuoyiScheduler' initialized from an externally provided properties instance.
01:24:27.903 [restartedMain] INFO  o.q.i.StdSchedulerFactory - [instantiate,1378] - Quartz scheduler version: 2.3.2
01:24:27.904 [restartedMain] INFO  o.q.c.QuartzScheduler - [setJobFactory,2293] - JobFactory set to: org.springframework.scheduling.quartz.AdaptableJobFactory@56ab51b7
01:24:30.232 [restartedMain] INFO  o.a.c.h.Http11NioProtocol - [log,173] - Starting ProtocolHandler ["http-nio-0.0.0.0-8088"]
01:24:30.565 [restartedMain] INFO  c.s.RuoYiApplication - [logStarted,61] - Started RuoYiApplication in 9.645 seconds (JVM running for 10.548)
01:24:31.608 [Quartz Scheduler [RuoyiScheduler]] INFO  o.q.c.QuartzScheduler - [start,547] - Scheduler RuoyiScheduler_$_MGMMacBook-Pro.local1748708667890 started.
01:25:01.742 [http-nio-0.0.0.0-8088-exec-1] INFO  o.a.c.c.C.[.[.[/] - [log,173] - Initializing Spring DispatcherServlet 'dispatcherServlet'
01:26:02.153 [SpringApplicationShutdownHook] INFO  o.q.c.QuartzScheduler - [standby,585] - Scheduler RuoyiScheduler_$_MGMMacBook-Pro.local1748708667890 paused.
01:26:02.223 [SpringApplicationShutdownHook] INFO  o.q.c.QuartzScheduler - [shutdown,666] - Scheduler RuoyiScheduler_$_MGMMacBook-Pro.local1748708667890 shutting down.
01:26:02.224 [SpringApplicationShutdownHook] INFO  o.q.c.QuartzScheduler - [standby,585] - Scheduler RuoyiScheduler_$_MGMMacBook-Pro.local1748708667890 paused.
01:26:02.226 [SpringApplicationShutdownHook] INFO  o.q.c.QuartzScheduler - [shutdown,740] - Scheduler RuoyiScheduler_$_MGMMacBook-Pro.local1748708667890 shutdown complete.
01:26:02.226 [SpringApplicationShutdownHook] INFO  sys-user - [shutdownAsyncManager,31] - ====关闭后台任务任务线程池====
01:26:02.242 [SpringApplicationShutdownHook] INFO  c.a.d.p.DruidDataSource - [close,2071] - {dataSource-1} closing ...
01:26:02.260 [SpringApplicationShutdownHook] INFO  c.a.d.p.DruidDataSource - [close,2144] - {dataSource-1} closed
01:26:09.314 [restartedMain] INFO  c.s.RuoYiApplication - [logStarting,55] - Starting RuoYiApplication using Java 1.8.0_442 on MGMMacBook-Pro.local with PID 6669 (/Users/mgm/Desktop/YoLive-main/source-vue-master/source-admin/target/classes started by mgm in /Users/mgm/Desktop/YoLive-main)
01:26:09.315 [background-preinit] INFO  o.h.v.i.util.Version - [<clinit>,21] - HV000001: Hibernate Validator 6.2.0.Final
01:26:09.319 [restartedMain] INFO  c.s.RuoYiApplication - [logStartupProfileInfo,674] - The following profiles are active: druid
01:26:12.091 [restartedMain] INFO  o.a.c.h.Http11NioProtocol - [log,173] - Initializing ProtocolHandler ["http-nio-0.0.0.0-8088"]
01:26:12.092 [restartedMain] INFO  o.a.c.c.StandardService - [log,173] - Starting service [Tomcat]
01:26:12.092 [restartedMain] INFO  o.a.c.c.StandardEngine - [log,173] - Starting Servlet engine: [Apache Tomcat/9.0.56]
01:26:12.159 [restartedMain] INFO  o.a.c.c.C.[.[.[/] - [log,173] - Initializing Spring embedded WebApplicationContext
01:26:14.279 [restartedMain] INFO  c.a.d.p.DruidDataSource - [init,998] - {dataSource-1} inited
01:26:15.769 [restartedMain] INFO  o.q.i.StdSchedulerFactory - [instantiate,1220] - Using default implementation for ThreadExecutor
01:26:15.778 [restartedMain] INFO  o.q.c.SchedulerSignalerImpl - [<init>,61] - Initialized Scheduler Signaller of type: class org.quartz.core.SchedulerSignalerImpl
01:26:15.780 [restartedMain] INFO  o.q.c.QuartzScheduler - [<init>,229] - Quartz Scheduler v.2.3.2 created.
01:26:15.784 [restartedMain] INFO  o.q.c.QuartzScheduler - [initialize,294] - Scheduler meta-data: Quartz Scheduler (v2.3.2) 'RuoyiScheduler' with instanceId 'MGMMacBook-Pro.local1748708775771'
  Scheduler class: 'org.quartz.core.QuartzScheduler' - running locally.
  NOT STARTED.
  Currently in standby mode.
  Number of jobs executed: 0
  Using thread pool 'org.quartz.simpl.SimpleThreadPool' - with 20 threads.
  Using job-store 'org.springframework.scheduling.quartz.LocalDataSourceJobStore' - which supports persistence. and is clustered.

01:26:15.785 [restartedMain] INFO  o.q.i.StdSchedulerFactory - [instantiate,1374] - Quartz scheduler 'RuoyiScheduler' initialized from an externally provided properties instance.
01:26:15.785 [restartedMain] INFO  o.q.i.StdSchedulerFactory - [instantiate,1378] - Quartz scheduler version: 2.3.2
01:26:15.786 [restartedMain] INFO  o.q.c.QuartzScheduler - [setJobFactory,2293] - JobFactory set to: org.springframework.scheduling.quartz.AdaptableJobFactory@5591ce4c
01:26:18.131 [restartedMain] INFO  o.a.c.h.Http11NioProtocol - [log,173] - Starting ProtocolHandler ["http-nio-0.0.0.0-8088"]
01:26:18.463 [restartedMain] INFO  c.s.RuoYiApplication - [logStarted,61] - Started RuoYiApplication in 9.73 seconds (JVM running for 11.761)
01:26:19.482 [Quartz Scheduler [RuoyiScheduler]] INFO  o.q.c.QuartzScheduler - [start,547] - Scheduler RuoyiScheduler_$_MGMMacBook-Pro.local1748708775771 started.
01:26:44.123 [http-nio-0.0.0.0-8088-exec-1] INFO  o.a.c.c.C.[.[.[/] - [log,173] - Initializing Spring DispatcherServlet 'dispatcherServlet'
01:27:00.543 [SpringApplicationShutdownHook] INFO  o.q.c.QuartzScheduler - [standby,585] - Scheduler RuoyiScheduler_$_MGMMacBook-Pro.local1748708775771 paused.
01:27:00.574 [SpringApplicationShutdownHook] INFO  o.q.c.QuartzScheduler - [shutdown,666] - Scheduler RuoyiScheduler_$_MGMMacBook-Pro.local1748708775771 shutting down.
01:27:00.575 [SpringApplicationShutdownHook] INFO  o.q.c.QuartzScheduler - [standby,585] - Scheduler RuoyiScheduler_$_MGMMacBook-Pro.local1748708775771 paused.
01:27:00.577 [SpringApplicationShutdownHook] INFO  o.q.c.QuartzScheduler - [shutdown,740] - Scheduler RuoyiScheduler_$_MGMMacBook-Pro.local1748708775771 shutdown complete.
01:27:00.577 [SpringApplicationShutdownHook] INFO  sys-user - [shutdownAsyncManager,31] - ====关闭后台任务任务线程池====
01:27:00.593 [SpringApplicationShutdownHook] INFO  c.a.d.p.DruidDataSource - [close,2071] - {dataSource-1} closing ...
01:27:00.610 [SpringApplicationShutdownHook] INFO  c.a.d.p.DruidDataSource - [close,2144] - {dataSource-1} closed
01:27:04.847 [background-preinit] INFO  o.h.v.i.util.Version - [<clinit>,21] - HV000001: Hibernate Validator 6.2.0.Final
01:27:04.844 [restartedMain] INFO  c.s.RuoYiApplication - [logStarting,55] - Starting RuoYiApplication using Java 1.8.0_442 on MGMMacBook-Pro.local with PID 6679 (/Users/mgm/Desktop/YoLive-main/source-vue-master/source-admin/target/classes started by mgm in /Users/mgm/Desktop/YoLive-main)
01:27:04.848 [restartedMain] INFO  c.s.RuoYiApplication - [logStartupProfileInfo,674] - The following profiles are active: druid
01:27:07.510 [restartedMain] INFO  o.a.c.h.Http11NioProtocol - [log,173] - Initializing ProtocolHandler ["http-nio-0.0.0.0-8088"]
01:27:07.512 [restartedMain] INFO  o.a.c.c.StandardService - [log,173] - Starting service [Tomcat]
01:27:07.512 [restartedMain] INFO  o.a.c.c.StandardEngine - [log,173] - Starting Servlet engine: [Apache Tomcat/9.0.56]
01:27:07.581 [restartedMain] INFO  o.a.c.c.C.[.[.[/] - [log,173] - Initializing Spring embedded WebApplicationContext
01:27:09.622 [restartedMain] INFO  c.a.d.p.DruidDataSource - [init,998] - {dataSource-1} inited
01:27:11.124 [restartedMain] INFO  o.q.i.StdSchedulerFactory - [instantiate,1220] - Using default implementation for ThreadExecutor
01:27:11.133 [restartedMain] INFO  o.q.c.SchedulerSignalerImpl - [<init>,61] - Initialized Scheduler Signaller of type: class org.quartz.core.SchedulerSignalerImpl
01:27:11.134 [restartedMain] INFO  o.q.c.QuartzScheduler - [<init>,229] - Quartz Scheduler v.2.3.2 created.
01:27:11.139 [restartedMain] INFO  o.q.c.QuartzScheduler - [initialize,294] - Scheduler meta-data: Quartz Scheduler (v2.3.2) 'RuoyiScheduler' with instanceId 'MGMMacBook-Pro.local1748708831126'
  Scheduler class: 'org.quartz.core.QuartzScheduler' - running locally.
  NOT STARTED.
  Currently in standby mode.
  Number of jobs executed: 0
  Using thread pool 'org.quartz.simpl.SimpleThreadPool' - with 20 threads.
  Using job-store 'org.springframework.scheduling.quartz.LocalDataSourceJobStore' - which supports persistence. and is clustered.

01:27:11.140 [restartedMain] INFO  o.q.i.StdSchedulerFactory - [instantiate,1374] - Quartz scheduler 'RuoyiScheduler' initialized from an externally provided properties instance.
01:27:11.140 [restartedMain] INFO  o.q.i.StdSchedulerFactory - [instantiate,1378] - Quartz scheduler version: 2.3.2
01:27:11.141 [restartedMain] INFO  o.q.c.QuartzScheduler - [setJobFactory,2293] - JobFactory set to: org.springframework.scheduling.quartz.AdaptableJobFactory@32676668
01:27:13.496 [restartedMain] INFO  o.a.c.h.Http11NioProtocol - [log,173] - Starting ProtocolHandler ["http-nio-0.0.0.0-8088"]
01:27:13.825 [restartedMain] INFO  c.s.RuoYiApplication - [logStarted,61] - Started RuoYiApplication in 9.677 seconds (JVM running for 10.837)
01:27:14.863 [Quartz Scheduler [RuoyiScheduler]] INFO  o.q.c.QuartzScheduler - [start,547] - Scheduler RuoyiScheduler_$_MGMMacBook-Pro.local1748708831126 started.
01:27:35.437 [http-nio-0.0.0.0-8088-exec-1] INFO  o.a.c.c.C.[.[.[/] - [log,173] - Initializing Spring DispatcherServlet 'dispatcherServlet'
01:28:31.622 [SpringApplicationShutdownHook] INFO  o.q.c.QuartzScheduler - [standby,585] - Scheduler RuoyiScheduler_$_MGMMacBook-Pro.local1748708831126 paused.
01:28:32.091 [schedule-pool-1] INFO  sys-user - [run,55] - [127.0.0.1]内网IP[admin][Logout][退出成功]
01:28:32.091 [schedule-pool-2] INFO  sys-user - [run,55] - [127.0.0.1]内网IP[admin][Logout][退出成功]
01:28:32.347 [SpringApplicationShutdownHook] INFO  o.q.c.QuartzScheduler - [shutdown,666] - Scheduler RuoyiScheduler_$_MGMMacBook-Pro.local1748708831126 shutting down.
01:28:32.349 [SpringApplicationShutdownHook] INFO  o.q.c.QuartzScheduler - [standby,585] - Scheduler RuoyiScheduler_$_MGMMacBook-Pro.local1748708831126 paused.
01:28:32.352 [SpringApplicationShutdownHook] INFO  o.q.c.QuartzScheduler - [shutdown,740] - Scheduler RuoyiScheduler_$_MGMMacBook-Pro.local1748708831126 shutdown complete.
01:28:32.354 [SpringApplicationShutdownHook] INFO  sys-user - [shutdownAsyncManager,31] - ====关闭后台任务任务线程池====
01:28:32.365 [SpringApplicationShutdownHook] INFO  c.a.d.p.DruidDataSource - [close,2071] - {dataSource-1} closing ...
01:28:32.385 [SpringApplicationShutdownHook] INFO  c.a.d.p.DruidDataSource - [close,2144] - {dataSource-1} closed
01:28:36.525 [restartedMain] INFO  c.s.RuoYiApplication - [logStarting,55] - Starting RuoYiApplication using Java 1.8.0_442 on MGMMacBook-Pro.local with PID 6696 (/Users/mgm/Desktop/YoLive-main/source-vue-master/source-admin/target/classes started by mgm in /Users/mgm/Desktop/YoLive-main)
01:28:36.528 [background-preinit] INFO  o.h.v.i.util.Version - [<clinit>,21] - HV000001: Hibernate Validator 6.2.0.Final
01:28:36.531 [restartedMain] INFO  c.s.RuoYiApplication - [logStartupProfileInfo,674] - The following profiles are active: druid
01:28:39.288 [restartedMain] INFO  o.a.c.h.Http11NioProtocol - [log,173] - Initializing ProtocolHandler ["http-nio-0.0.0.0-8088"]
01:28:39.289 [restartedMain] INFO  o.a.c.c.StandardService - [log,173] - Starting service [Tomcat]
01:28:39.290 [restartedMain] INFO  o.a.c.c.StandardEngine - [log,173] - Starting Servlet engine: [Apache Tomcat/9.0.56]
01:28:39.359 [restartedMain] INFO  o.a.c.c.C.[.[.[/] - [log,173] - Initializing Spring embedded WebApplicationContext
01:28:41.475 [restartedMain] INFO  c.a.d.p.DruidDataSource - [init,998] - {dataSource-1} inited
01:28:43.032 [restartedMain] INFO  o.q.i.StdSchedulerFactory - [instantiate,1220] - Using default implementation for ThreadExecutor
01:28:43.041 [restartedMain] INFO  o.q.c.SchedulerSignalerImpl - [<init>,61] - Initialized Scheduler Signaller of type: class org.quartz.core.SchedulerSignalerImpl
01:28:43.041 [restartedMain] INFO  o.q.c.QuartzScheduler - [<init>,229] - Quartz Scheduler v.2.3.2 created.
01:28:43.046 [restartedMain] INFO  o.q.c.QuartzScheduler - [initialize,294] - Scheduler meta-data: Quartz Scheduler (v2.3.2) 'RuoyiScheduler' with instanceId 'MGMMacBook-Pro.local1748708923034'
  Scheduler class: 'org.quartz.core.QuartzScheduler' - running locally.
  NOT STARTED.
  Currently in standby mode.
  Number of jobs executed: 0
  Using thread pool 'org.quartz.simpl.SimpleThreadPool' - with 20 threads.
  Using job-store 'org.springframework.scheduling.quartz.LocalDataSourceJobStore' - which supports persistence. and is clustered.

01:28:43.047 [restartedMain] INFO  o.q.i.StdSchedulerFactory - [instantiate,1374] - Quartz scheduler 'RuoyiScheduler' initialized from an externally provided properties instance.
01:28:43.047 [restartedMain] INFO  o.q.i.StdSchedulerFactory - [instantiate,1378] - Quartz scheduler version: 2.3.2
01:28:43.048 [restartedMain] INFO  o.q.c.QuartzScheduler - [setJobFactory,2293] - JobFactory set to: org.springframework.scheduling.quartz.AdaptableJobFactory@1c423618
01:28:45.266 [restartedMain] INFO  o.a.c.h.Http11NioProtocol - [log,173] - Starting ProtocolHandler ["http-nio-0.0.0.0-8088"]
01:28:45.589 [restartedMain] INFO  c.s.RuoYiApplication - [logStarted,61] - Started RuoYiApplication in 9.592 seconds (JVM running for 10.981)
01:28:46.606 [Quartz Scheduler [RuoyiScheduler]] INFO  o.q.c.QuartzScheduler - [start,547] - Scheduler RuoyiScheduler_$_MGMMacBook-Pro.local1748708923034 started.
01:28:52.197 [http-nio-0.0.0.0-8088-exec-1] INFO  o.a.c.c.C.[.[.[/] - [log,173] - Initializing Spring DispatcherServlet 'dispatcherServlet'
01:28:52.988 [http-nio-0.0.0.0-8088-exec-3] INFO  c.s.c.u.h.HttpUtils - [sendGet,63] - sendGet - https://api.weixin.qq.com/cgi-bin/token?grant_type=client_credential&appid=换你自己的&secret=换你自己的
01:28:53.428 [http-nio-0.0.0.0-8088-exec-3] INFO  c.s.c.u.h.HttpUtils - [sendGet,76] - recv - {"errcode":40013,"errmsg":"invalid appid rid: 683b2e45-7ceb80bc-46bac9f0"}
01:29:02.243 [schedule-pool-1] INFO  sys-user - [run,55] - [127.0.0.1]内网IP[admin][Success][登录成功]
01:29:40.167 [SpringApplicationShutdownHook] INFO  o.q.c.QuartzScheduler - [standby,585] - Scheduler RuoyiScheduler_$_MGMMacBook-Pro.local1748708923034 paused.
01:29:40.203 [SpringApplicationShutdownHook] INFO  o.q.c.QuartzScheduler - [shutdown,666] - Scheduler RuoyiScheduler_$_MGMMacBook-Pro.local1748708923034 shutting down.
01:29:40.203 [SpringApplicationShutdownHook] INFO  o.q.c.QuartzScheduler - [standby,585] - Scheduler RuoyiScheduler_$_MGMMacBook-Pro.local1748708923034 paused.
01:29:40.205 [SpringApplicationShutdownHook] INFO  o.q.c.QuartzScheduler - [shutdown,740] - Scheduler RuoyiScheduler_$_MGMMacBook-Pro.local1748708923034 shutdown complete.
01:29:40.205 [SpringApplicationShutdownHook] INFO  sys-user - [shutdownAsyncManager,31] - ====关闭后台任务任务线程池====
01:29:40.212 [SpringApplicationShutdownHook] INFO  c.a.d.p.DruidDataSource - [close,2071] - {dataSource-1} closing ...
01:29:40.224 [SpringApplicationShutdownHook] INFO  c.a.d.p.DruidDataSource - [close,2144] - {dataSource-1} closed
01:29:44.111 [background-preinit] INFO  o.h.v.i.util.Version - [<clinit>,21] - HV000001: Hibernate Validator 6.2.0.Final
01:29:44.114 [restartedMain] INFO  c.s.RuoYiApplication - [logStarting,55] - Starting RuoYiApplication using Java 1.8.0_442 on MGMMacBook-Pro.local with PID 6709 (/Users/mgm/Desktop/YoLive-main/source-vue-master/source-admin/target/classes started by mgm in /Users/mgm/Desktop/YoLive-main)
01:29:44.117 [restartedMain] INFO  c.s.RuoYiApplication - [logStartupProfileInfo,674] - The following profiles are active: druid
01:29:46.814 [restartedMain] INFO  o.a.c.h.Http11NioProtocol - [log,173] - Initializing ProtocolHandler ["http-nio-0.0.0.0-8088"]
01:29:46.815 [restartedMain] INFO  o.a.c.c.StandardService - [log,173] - Starting service [Tomcat]
01:29:46.816 [restartedMain] INFO  o.a.c.c.StandardEngine - [log,173] - Starting Servlet engine: [Apache Tomcat/9.0.56]
01:29:46.881 [restartedMain] INFO  o.a.c.c.C.[.[.[/] - [log,173] - Initializing Spring embedded WebApplicationContext
01:29:49.237 [restartedMain] INFO  c.a.d.p.DruidDataSource - [init,998] - {dataSource-1} inited
01:29:50.760 [restartedMain] INFO  o.q.i.StdSchedulerFactory - [instantiate,1220] - Using default implementation for ThreadExecutor
01:29:50.768 [restartedMain] INFO  o.q.c.SchedulerSignalerImpl - [<init>,61] - Initialized Scheduler Signaller of type: class org.quartz.core.SchedulerSignalerImpl
01:29:50.769 [restartedMain] INFO  o.q.c.QuartzScheduler - [<init>,229] - Quartz Scheduler v.2.3.2 created.
01:29:50.774 [restartedMain] INFO  o.q.c.QuartzScheduler - [initialize,294] - Scheduler meta-data: Quartz Scheduler (v2.3.2) 'RuoyiScheduler' with instanceId 'MGMMacBook-Pro.local1748708990761'
  Scheduler class: 'org.quartz.core.QuartzScheduler' - running locally.
  NOT STARTED.
  Currently in standby mode.
  Number of jobs executed: 0
  Using thread pool 'org.quartz.simpl.SimpleThreadPool' - with 20 threads.
  Using job-store 'org.springframework.scheduling.quartz.LocalDataSourceJobStore' - which supports persistence. and is clustered.

01:29:50.775 [restartedMain] INFO  o.q.i.StdSchedulerFactory - [instantiate,1374] - Quartz scheduler 'RuoyiScheduler' initialized from an externally provided properties instance.
01:29:50.775 [restartedMain] INFO  o.q.i.StdSchedulerFactory - [instantiate,1378] - Quartz scheduler version: 2.3.2
01:29:50.776 [restartedMain] INFO  o.q.c.QuartzScheduler - [setJobFactory,2293] - JobFactory set to: org.springframework.scheduling.quartz.AdaptableJobFactory@61fd4a2e
01:29:53.043 [restartedMain] INFO  o.a.c.h.Http11NioProtocol - [log,173] - Starting ProtocolHandler ["http-nio-0.0.0.0-8088"]
01:29:53.370 [restartedMain] INFO  c.s.RuoYiApplication - [logStarted,61] - Started RuoYiApplication in 9.871 seconds (JVM running for 11.017)
01:29:54.385 [Quartz Scheduler [RuoyiScheduler]] INFO  o.q.c.QuartzScheduler - [start,547] - Scheduler RuoyiScheduler_$_MGMMacBook-Pro.local1748708990761 started.
01:29:58.247 [http-nio-0.0.0.0-8088-exec-1] INFO  o.a.c.c.C.[.[.[/] - [log,173] - Initializing Spring DispatcherServlet 'dispatcherServlet'
01:30:08.914 [SpringApplicationShutdownHook] INFO  o.q.c.QuartzScheduler - [standby,585] - Scheduler RuoyiScheduler_$_MGMMacBook-Pro.local1748708990761 paused.
01:30:08.963 [SpringApplicationShutdownHook] INFO  o.q.c.QuartzScheduler - [shutdown,666] - Scheduler RuoyiScheduler_$_MGMMacBook-Pro.local1748708990761 shutting down.
01:30:08.963 [SpringApplicationShutdownHook] INFO  o.q.c.QuartzScheduler - [standby,585] - Scheduler RuoyiScheduler_$_MGMMacBook-Pro.local1748708990761 paused.
01:30:08.965 [SpringApplicationShutdownHook] INFO  o.q.c.QuartzScheduler - [shutdown,740] - Scheduler RuoyiScheduler_$_MGMMacBook-Pro.local1748708990761 shutdown complete.
01:30:08.966 [SpringApplicationShutdownHook] INFO  sys-user - [shutdownAsyncManager,31] - ====关闭后台任务任务线程池====
01:30:08.977 [SpringApplicationShutdownHook] INFO  c.a.d.p.DruidDataSource - [close,2071] - {dataSource-1} closing ...
01:30:08.994 [SpringApplicationShutdownHook] INFO  c.a.d.p.DruidDataSource - [close,2144] - {dataSource-1} closed
01:30:13.245 [restartedMain] INFO  c.s.RuoYiApplication - [logStarting,55] - Starting RuoYiApplication using Java 1.8.0_442 on MGMMacBook-Pro.local with PID 6736 (/Users/mgm/Desktop/YoLive-main/source-vue-master/source-admin/target/classes started by mgm in /Users/mgm/Desktop/YoLive-main)
01:30:13.259 [background-preinit] INFO  o.h.v.i.util.Version - [<clinit>,21] - HV000001: Hibernate Validator 6.2.0.Final
01:30:13.260 [restartedMain] INFO  c.s.RuoYiApplication - [logStartupProfileInfo,674] - The following profiles are active: druid
01:30:15.986 [restartedMain] INFO  o.a.c.h.Http11NioProtocol - [log,173] - Initializing ProtocolHandler ["http-nio-0.0.0.0-8088"]
01:30:15.988 [restartedMain] INFO  o.a.c.c.StandardService - [log,173] - Starting service [Tomcat]
01:30:15.988 [restartedMain] INFO  o.a.c.c.StandardEngine - [log,173] - Starting Servlet engine: [Apache Tomcat/9.0.56]
01:30:16.058 [restartedMain] INFO  o.a.c.c.C.[.[.[/] - [log,173] - Initializing Spring embedded WebApplicationContext
01:30:18.074 [restartedMain] INFO  c.a.d.p.DruidDataSource - [init,998] - {dataSource-1} inited
01:30:19.528 [restartedMain] INFO  o.q.i.StdSchedulerFactory - [instantiate,1220] - Using default implementation for ThreadExecutor
01:30:19.536 [restartedMain] INFO  o.q.c.SchedulerSignalerImpl - [<init>,61] - Initialized Scheduler Signaller of type: class org.quartz.core.SchedulerSignalerImpl
01:30:19.537 [restartedMain] INFO  o.q.c.QuartzScheduler - [<init>,229] - Quartz Scheduler v.2.3.2 created.
01:30:19.541 [restartedMain] INFO  o.q.c.QuartzScheduler - [initialize,294] - Scheduler meta-data: Quartz Scheduler (v2.3.2) 'RuoyiScheduler' with instanceId 'MGMMacBook-Pro.local1748709019529'
  Scheduler class: 'org.quartz.core.QuartzScheduler' - running locally.
  NOT STARTED.
  Currently in standby mode.
  Number of jobs executed: 0
  Using thread pool 'org.quartz.simpl.SimpleThreadPool' - with 20 threads.
  Using job-store 'org.springframework.scheduling.quartz.LocalDataSourceJobStore' - which supports persistence. and is clustered.

01:30:19.542 [restartedMain] INFO  o.q.i.StdSchedulerFactory - [instantiate,1374] - Quartz scheduler 'RuoyiScheduler' initialized from an externally provided properties instance.
01:30:19.542 [restartedMain] INFO  o.q.i.StdSchedulerFactory - [instantiate,1378] - Quartz scheduler version: 2.3.2
01:30:19.543 [restartedMain] INFO  o.q.c.QuartzScheduler - [setJobFactory,2293] - JobFactory set to: org.springframework.scheduling.quartz.AdaptableJobFactory@1adb02c1
01:30:21.838 [restartedMain] INFO  o.a.c.h.Http11NioProtocol - [log,173] - Starting ProtocolHandler ["http-nio-0.0.0.0-8088"]
01:30:22.157 [restartedMain] INFO  c.s.RuoYiApplication - [logStarted,61] - Started RuoYiApplication in 9.624 seconds (JVM running for 11.056)
01:30:23.180 [Quartz Scheduler [RuoyiScheduler]] INFO  o.q.c.QuartzScheduler - [start,547] - Scheduler RuoyiScheduler_$_MGMMacBook-Pro.local1748709019529 started.
01:30:26.905 [http-nio-0.0.0.0-8088-exec-1] INFO  o.a.c.c.C.[.[.[/] - [log,173] - Initializing Spring DispatcherServlet 'dispatcherServlet'
01:30:46.988 [SpringApplicationShutdownHook] INFO  o.q.c.QuartzScheduler - [standby,585] - Scheduler RuoyiScheduler_$_MGMMacBook-Pro.local1748709019529 paused.
01:30:47.037 [SpringApplicationShutdownHook] INFO  o.q.c.QuartzScheduler - [shutdown,666] - Scheduler RuoyiScheduler_$_MGMMacBook-Pro.local1748709019529 shutting down.
01:30:47.038 [SpringApplicationShutdownHook] INFO  o.q.c.QuartzScheduler - [standby,585] - Scheduler RuoyiScheduler_$_MGMMacBook-Pro.local1748709019529 paused.
01:30:47.040 [SpringApplicationShutdownHook] INFO  o.q.c.QuartzScheduler - [shutdown,740] - Scheduler RuoyiScheduler_$_MGMMacBook-Pro.local1748709019529 shutdown complete.
01:30:47.040 [SpringApplicationShutdownHook] INFO  sys-user - [shutdownAsyncManager,31] - ====关闭后台任务任务线程池====
01:30:47.058 [SpringApplicationShutdownHook] INFO  c.a.d.p.DruidDataSource - [close,2071] - {dataSource-1} closing ...
01:30:47.072 [SpringApplicationShutdownHook] INFO  c.a.d.p.DruidDataSource - [close,2144] - {dataSource-1} closed
01:30:51.284 [restartedMain] INFO  c.s.RuoYiApplication - [logStarting,55] - Starting RuoYiApplication using Java 1.8.0_442 on MGMMacBook-Pro.local with PID 6745 (/Users/mgm/Desktop/YoLive-main/source-vue-master/source-admin/target/classes started by mgm in /Users/mgm/Desktop/YoLive-main)
01:30:51.289 [restartedMain] INFO  c.s.RuoYiApplication - [logStartupProfileInfo,674] - The following profiles are active: druid
01:30:51.289 [background-preinit] INFO  o.h.v.i.util.Version - [<clinit>,21] - HV000001: Hibernate Validator 6.2.0.Final
01:30:53.956 [restartedMain] INFO  o.a.c.h.Http11NioProtocol - [log,173] - Initializing ProtocolHandler ["http-nio-0.0.0.0-8088"]
01:30:53.958 [restartedMain] INFO  o.a.c.c.StandardService - [log,173] - Starting service [Tomcat]
01:30:53.958 [restartedMain] INFO  o.a.c.c.StandardEngine - [log,173] - Starting Servlet engine: [Apache Tomcat/9.0.56]
01:30:54.025 [restartedMain] INFO  o.a.c.c.C.[.[.[/] - [log,173] - Initializing Spring embedded WebApplicationContext
01:30:56.013 [restartedMain] INFO  c.a.d.p.DruidDataSource - [init,998] - {dataSource-1} inited
01:30:57.510 [restartedMain] INFO  o.q.i.StdSchedulerFactory - [instantiate,1220] - Using default implementation for ThreadExecutor
01:30:57.520 [restartedMain] INFO  o.q.c.SchedulerSignalerImpl - [<init>,61] - Initialized Scheduler Signaller of type: class org.quartz.core.SchedulerSignalerImpl
01:30:57.521 [restartedMain] INFO  o.q.c.QuartzScheduler - [<init>,229] - Quartz Scheduler v.2.3.2 created.
01:30:57.525 [restartedMain] INFO  o.q.c.QuartzScheduler - [initialize,294] - Scheduler meta-data: Quartz Scheduler (v2.3.2) 'RuoyiScheduler' with instanceId 'MGMMacBook-Pro.local1748709057512'
  Scheduler class: 'org.quartz.core.QuartzScheduler' - running locally.
  NOT STARTED.
  Currently in standby mode.
  Number of jobs executed: 0
  Using thread pool 'org.quartz.simpl.SimpleThreadPool' - with 20 threads.
  Using job-store 'org.springframework.scheduling.quartz.LocalDataSourceJobStore' - which supports persistence. and is clustered.

01:30:57.526 [restartedMain] INFO  o.q.i.StdSchedulerFactory - [instantiate,1374] - Quartz scheduler 'RuoyiScheduler' initialized from an externally provided properties instance.
01:30:57.526 [restartedMain] INFO  o.q.i.StdSchedulerFactory - [instantiate,1378] - Quartz scheduler version: 2.3.2
01:30:57.528 [restartedMain] INFO  o.q.c.QuartzScheduler - [setJobFactory,2293] - JobFactory set to: org.springframework.scheduling.quartz.AdaptableJobFactory@4768ab14
01:30:59.803 [restartedMain] INFO  o.a.c.h.Http11NioProtocol - [log,173] - Starting ProtocolHandler ["http-nio-0.0.0.0-8088"]
01:31:00.123 [restartedMain] INFO  c.s.RuoYiApplication - [logStarted,61] - Started RuoYiApplication in 9.378 seconds (JVM running for 10.544)
01:31:01.156 [Quartz Scheduler [RuoyiScheduler]] INFO  o.q.c.QuartzScheduler - [start,547] - Scheduler RuoyiScheduler_$_MGMMacBook-Pro.local1748709057512 started.
01:31:55.635 [http-nio-0.0.0.0-8088-exec-2] INFO  o.a.c.c.C.[.[.[/] - [log,173] - Initializing Spring DispatcherServlet 'dispatcherServlet'
01:32:27.729 [SpringApplicationShutdownHook] INFO  o.q.c.QuartzScheduler - [standby,585] - Scheduler RuoyiScheduler_$_MGMMacBook-Pro.local1748709057512 paused.
01:32:27.815 [SpringApplicationShutdownHook] INFO  o.q.c.QuartzScheduler - [shutdown,666] - Scheduler RuoyiScheduler_$_MGMMacBook-Pro.local1748709057512 shutting down.
01:32:27.817 [SpringApplicationShutdownHook] INFO  o.q.c.QuartzScheduler - [standby,585] - Scheduler RuoyiScheduler_$_MGMMacBook-Pro.local1748709057512 paused.
01:32:27.821 [SpringApplicationShutdownHook] INFO  o.q.c.QuartzScheduler - [shutdown,740] - Scheduler RuoyiScheduler_$_MGMMacBook-Pro.local1748709057512 shutdown complete.
01:32:27.822 [SpringApplicationShutdownHook] INFO  sys-user - [shutdownAsyncManager,31] - ====关闭后台任务任务线程池====
01:32:27.855 [SpringApplicationShutdownHook] INFO  c.a.d.p.DruidDataSource - [close,2071] - {dataSource-1} closing ...
01:32:27.918 [SpringApplicationShutdownHook] INFO  c.a.d.p.DruidDataSource - [close,2144] - {dataSource-1} closed
01:48:16.522 [restartedMain] INFO  c.s.RuoYiApplication - [logStarting,55] - Starting RuoYiApplication using Java 1.8.0_442 on MGMMacBook-Pro.local with PID 10227 (/Users/mgm/Desktop/YoLive-main/source-vue-master/source-admin/target/classes started by mgm in /Users/mgm/Desktop/YoLive-main)
01:48:16.522 [background-preinit] INFO  o.h.v.i.util.Version - [<clinit>,21] - HV000001: Hibernate Validator 6.2.0.Final
01:48:16.527 [restartedMain] INFO  c.s.RuoYiApplication - [logStartupProfileInfo,674] - The following profiles are active: druid
01:48:19.224 [restartedMain] INFO  o.a.c.h.Http11NioProtocol - [log,173] - Initializing ProtocolHandler ["http-nio-0.0.0.0-8088"]
01:48:19.225 [restartedMain] INFO  o.a.c.c.StandardService - [log,173] - Starting service [Tomcat]
01:48:19.225 [restartedMain] INFO  o.a.c.c.StandardEngine - [log,173] - Starting Servlet engine: [Apache Tomcat/9.0.56]
01:48:19.287 [restartedMain] INFO  o.a.c.c.C.[.[.[/] - [log,173] - Initializing Spring embedded WebApplicationContext
01:48:21.283 [restartedMain] INFO  c.a.d.p.DruidDataSource - [init,998] - {dataSource-1} inited
01:48:22.835 [restartedMain] INFO  o.q.i.StdSchedulerFactory - [instantiate,1220] - Using default implementation for ThreadExecutor
01:48:22.845 [restartedMain] INFO  o.q.c.SchedulerSignalerImpl - [<init>,61] - Initialized Scheduler Signaller of type: class org.quartz.core.SchedulerSignalerImpl
01:48:22.846 [restartedMain] INFO  o.q.c.QuartzScheduler - [<init>,229] - Quartz Scheduler v.2.3.2 created.
01:48:22.850 [restartedMain] INFO  o.q.c.QuartzScheduler - [initialize,294] - Scheduler meta-data: Quartz Scheduler (v2.3.2) 'RuoyiScheduler' with instanceId 'MGMMacBook-Pro.local1748710102837'
  Scheduler class: 'org.quartz.core.QuartzScheduler' - running locally.
  NOT STARTED.
  Currently in standby mode.
  Number of jobs executed: 0
  Using thread pool 'org.quartz.simpl.SimpleThreadPool' - with 20 threads.
  Using job-store 'org.springframework.scheduling.quartz.LocalDataSourceJobStore' - which supports persistence. and is clustered.

01:48:22.852 [restartedMain] INFO  o.q.i.StdSchedulerFactory - [instantiate,1374] - Quartz scheduler 'RuoyiScheduler' initialized from an externally provided properties instance.
01:48:22.852 [restartedMain] INFO  o.q.i.StdSchedulerFactory - [instantiate,1378] - Quartz scheduler version: 2.3.2
01:48:22.853 [restartedMain] INFO  o.q.c.QuartzScheduler - [setJobFactory,2293] - JobFactory set to: org.springframework.scheduling.quartz.AdaptableJobFactory@2399975c
01:48:23.228 [restartedMain] INFO  o.q.c.QuartzScheduler - [shutdown,666] - Scheduler RuoyiScheduler_$_MGMMacBook-Pro.local1748710102837 shutting down.
01:48:23.228 [restartedMain] INFO  o.q.c.QuartzScheduler - [standby,585] - Scheduler RuoyiScheduler_$_MGMMacBook-Pro.local1748710102837 paused.
01:48:23.229 [restartedMain] INFO  o.q.c.QuartzScheduler - [shutdown,740] - Scheduler RuoyiScheduler_$_MGMMacBook-Pro.local1748710102837 shutdown complete.
01:48:23.230 [restartedMain] INFO  sys-user - [shutdownAsyncManager,31] - ====关闭后台任务任务线程池====
01:48:23.234 [restartedMain] INFO  c.a.d.p.DruidDataSource - [close,2071] - {dataSource-1} closing ...
01:48:23.239 [restartedMain] INFO  c.a.d.p.DruidDataSource - [close,2144] - {dataSource-1} closed
01:48:23.402 [restartedMain] INFO  o.a.c.c.StandardService - [log,173] - Stopping service [Tomcat]
01:49:38.083 [restartedMain] INFO  c.s.RuoYiApplication - [logStarting,55] - Starting RuoYiApplication using Java 1.8.0_442 on MGMMacBook-Pro.local with PID 10429 (/Users/mgm/Desktop/YoLive-main/source-vue-master/source-admin/target/classes started by mgm in /Users/mgm/Desktop/YoLive-main)
01:49:38.087 [background-preinit] INFO  o.h.v.i.util.Version - [<clinit>,21] - HV000001: Hibernate Validator 6.2.0.Final
01:49:38.089 [restartedMain] INFO  c.s.RuoYiApplication - [logStartupProfileInfo,674] - The following profiles are active: druid
01:49:41.044 [restartedMain] INFO  o.a.c.h.Http11NioProtocol - [log,173] - Initializing ProtocolHandler ["http-nio-0.0.0.0-8088"]
01:49:41.045 [restartedMain] INFO  o.a.c.c.StandardService - [log,173] - Starting service [Tomcat]
01:49:41.045 [restartedMain] INFO  o.a.c.c.StandardEngine - [log,173] - Starting Servlet engine: [Apache Tomcat/9.0.56]
01:49:41.107 [restartedMain] INFO  o.a.c.c.C.[.[.[/] - [log,173] - Initializing Spring embedded WebApplicationContext
01:49:43.138 [restartedMain] INFO  c.a.d.p.DruidDataSource - [init,998] - {dataSource-1} inited
01:49:44.768 [restartedMain] INFO  o.q.i.StdSchedulerFactory - [instantiate,1220] - Using default implementation for ThreadExecutor
01:49:44.777 [restartedMain] INFO  o.q.c.SchedulerSignalerImpl - [<init>,61] - Initialized Scheduler Signaller of type: class org.quartz.core.SchedulerSignalerImpl
01:49:44.778 [restartedMain] INFO  o.q.c.QuartzScheduler - [<init>,229] - Quartz Scheduler v.2.3.2 created.
01:49:44.782 [restartedMain] INFO  o.q.c.QuartzScheduler - [initialize,294] - Scheduler meta-data: Quartz Scheduler (v2.3.2) 'RuoyiScheduler' with instanceId 'MGMMacBook-Pro.local1748710184771'
  Scheduler class: 'org.quartz.core.QuartzScheduler' - running locally.
  NOT STARTED.
  Currently in standby mode.
  Number of jobs executed: 0
  Using thread pool 'org.quartz.simpl.SimpleThreadPool' - with 20 threads.
  Using job-store 'org.springframework.scheduling.quartz.LocalDataSourceJobStore' - which supports persistence. and is clustered.

01:49:44.783 [restartedMain] INFO  o.q.i.StdSchedulerFactory - [instantiate,1374] - Quartz scheduler 'RuoyiScheduler' initialized from an externally provided properties instance.
01:49:44.783 [restartedMain] INFO  o.q.i.StdSchedulerFactory - [instantiate,1378] - Quartz scheduler version: 2.3.2
01:49:44.784 [restartedMain] INFO  o.q.c.QuartzScheduler - [setJobFactory,2293] - JobFactory set to: org.springframework.scheduling.quartz.AdaptableJobFactory@2cb5f8f9
01:49:45.187 [restartedMain] INFO  o.q.c.QuartzScheduler - [shutdown,666] - Scheduler RuoyiScheduler_$_MGMMacBook-Pro.local1748710184771 shutting down.
01:49:45.187 [restartedMain] INFO  o.q.c.QuartzScheduler - [standby,585] - Scheduler RuoyiScheduler_$_MGMMacBook-Pro.local1748710184771 paused.
01:49:45.188 [restartedMain] INFO  o.q.c.QuartzScheduler - [shutdown,740] - Scheduler RuoyiScheduler_$_MGMMacBook-Pro.local1748710184771 shutdown complete.
01:49:45.189 [restartedMain] INFO  sys-user - [shutdownAsyncManager,31] - ====关闭后台任务任务线程池====
01:49:45.196 [restartedMain] INFO  c.a.d.p.DruidDataSource - [close,2071] - {dataSource-1} closing ...
01:49:45.207 [restartedMain] INFO  c.a.d.p.DruidDataSource - [close,2144] - {dataSource-1} closed
01:49:45.378 [restartedMain] INFO  o.a.c.c.StandardService - [log,173] - Stopping service [Tomcat]
01:50:21.668 [restartedMain] INFO  c.s.RuoYiApplication - [logStarting,55] - Starting RuoYiApplication using Java 1.8.0_442 on MGMMacBook-Pro.local with PID 10438 (/Users/mgm/Desktop/YoLive-main/source-vue-master/source-admin/target/classes started by mgm in /Users/mgm/Desktop/YoLive-main)
01:50:21.670 [background-preinit] INFO  o.h.v.i.util.Version - [<clinit>,21] - HV000001: Hibernate Validator 6.2.0.Final
01:50:21.673 [restartedMain] INFO  c.s.RuoYiApplication - [logStartupProfileInfo,674] - The following profiles are active: druid
01:50:24.341 [restartedMain] INFO  o.a.c.h.Http11NioProtocol - [log,173] - Initializing ProtocolHandler ["http-nio-0.0.0.0-8088"]
01:50:24.342 [restartedMain] INFO  o.a.c.c.StandardService - [log,173] - Starting service [Tomcat]
01:50:24.342 [restartedMain] INFO  o.a.c.c.StandardEngine - [log,173] - Starting Servlet engine: [Apache Tomcat/9.0.56]
01:50:24.401 [restartedMain] INFO  o.a.c.c.C.[.[.[/] - [log,173] - Initializing Spring embedded WebApplicationContext
01:50:26.340 [restartedMain] INFO  c.a.d.p.DruidDataSource - [init,998] - {dataSource-1} inited
01:50:27.835 [restartedMain] INFO  o.q.i.StdSchedulerFactory - [instantiate,1220] - Using default implementation for ThreadExecutor
01:50:27.844 [restartedMain] INFO  o.q.c.SchedulerSignalerImpl - [<init>,61] - Initialized Scheduler Signaller of type: class org.quartz.core.SchedulerSignalerImpl
01:50:27.845 [restartedMain] INFO  o.q.c.QuartzScheduler - [<init>,229] - Quartz Scheduler v.2.3.2 created.
01:50:27.848 [restartedMain] INFO  o.q.c.QuartzScheduler - [initialize,294] - Scheduler meta-data: Quartz Scheduler (v2.3.2) 'RuoyiScheduler' with instanceId 'MGMMacBook-Pro.local1748710227837'
  Scheduler class: 'org.quartz.core.QuartzScheduler' - running locally.
  NOT STARTED.
  Currently in standby mode.
  Number of jobs executed: 0
  Using thread pool 'org.quartz.simpl.SimpleThreadPool' - with 20 threads.
  Using job-store 'org.springframework.scheduling.quartz.LocalDataSourceJobStore' - which supports persistence. and is clustered.

01:50:27.849 [restartedMain] INFO  o.q.i.StdSchedulerFactory - [instantiate,1374] - Quartz scheduler 'RuoyiScheduler' initialized from an externally provided properties instance.
01:50:27.850 [restartedMain] INFO  o.q.i.StdSchedulerFactory - [instantiate,1378] - Quartz scheduler version: 2.3.2
01:50:27.851 [restartedMain] INFO  o.q.c.QuartzScheduler - [setJobFactory,2293] - JobFactory set to: org.springframework.scheduling.quartz.AdaptableJobFactory@31b54cda
01:50:28.221 [restartedMain] INFO  o.q.c.QuartzScheduler - [shutdown,666] - Scheduler RuoyiScheduler_$_MGMMacBook-Pro.local1748710227837 shutting down.
01:50:28.221 [restartedMain] INFO  o.q.c.QuartzScheduler - [standby,585] - Scheduler RuoyiScheduler_$_MGMMacBook-Pro.local1748710227837 paused.
01:50:28.222 [restartedMain] INFO  o.q.c.QuartzScheduler - [shutdown,740] - Scheduler RuoyiScheduler_$_MGMMacBook-Pro.local1748710227837 shutdown complete.
01:50:28.222 [restartedMain] INFO  sys-user - [shutdownAsyncManager,31] - ====关闭后台任务任务线程池====
01:50:28.227 [restartedMain] INFO  c.a.d.p.DruidDataSource - [close,2071] - {dataSource-1} closing ...
01:50:28.232 [restartedMain] INFO  c.a.d.p.DruidDataSource - [close,2144] - {dataSource-1} closed
01:50:28.390 [restartedMain] INFO  o.a.c.c.StandardService - [log,173] - Stopping service [Tomcat]
01:55:41.924 [restartedMain] INFO  c.s.RuoYiApplication - [logStarting,55] - Starting RuoYiApplication using Java 1.8.0_442 on MGMMacBook-Pro.local with PID 11471 (/Users/mgm/Desktop/YoLive-main/source-vue-master/source-admin/target/classes started by mgm in /Users/mgm/Desktop/YoLive-main)
01:55:41.924 [background-preinit] INFO  o.h.v.i.util.Version - [<clinit>,21] - HV000001: Hibernate Validator 6.2.0.Final
01:55:41.929 [restartedMain] INFO  c.s.RuoYiApplication - [logStartupProfileInfo,674] - The following profiles are active: druid
01:55:44.745 [restartedMain] INFO  o.a.c.h.Http11NioProtocol - [log,173] - Initializing ProtocolHandler ["http-nio-0.0.0.0-8088"]
01:55:44.747 [restartedMain] INFO  o.a.c.c.StandardService - [log,173] - Starting service [Tomcat]
01:55:44.747 [restartedMain] INFO  o.a.c.c.StandardEngine - [log,173] - Starting Servlet engine: [Apache Tomcat/9.0.56]
01:55:44.808 [restartedMain] INFO  o.a.c.c.C.[.[.[/] - [log,173] - Initializing Spring embedded WebApplicationContext
01:55:47.105 [restartedMain] INFO  c.a.d.p.DruidDataSource - [init,998] - {dataSource-1} inited
01:55:48.900 [restartedMain] INFO  o.q.i.StdSchedulerFactory - [instantiate,1220] - Using default implementation for ThreadExecutor
01:55:48.912 [restartedMain] INFO  o.q.c.SchedulerSignalerImpl - [<init>,61] - Initialized Scheduler Signaller of type: class org.quartz.core.SchedulerSignalerImpl
01:55:48.913 [restartedMain] INFO  o.q.c.QuartzScheduler - [<init>,229] - Quartz Scheduler v.2.3.2 created.
01:55:48.921 [restartedMain] INFO  o.q.c.QuartzScheduler - [initialize,294] - Scheduler meta-data: Quartz Scheduler (v2.3.2) 'RuoyiScheduler' with instanceId 'MGMMacBook-Pro.local1748710548901'
  Scheduler class: 'org.quartz.core.QuartzScheduler' - running locally.
  NOT STARTED.
  Currently in standby mode.
  Number of jobs executed: 0
  Using thread pool 'org.quartz.simpl.SimpleThreadPool' - with 20 threads.
  Using job-store 'org.springframework.scheduling.quartz.LocalDataSourceJobStore' - which supports persistence. and is clustered.

01:55:48.923 [restartedMain] INFO  o.q.i.StdSchedulerFactory - [instantiate,1374] - Quartz scheduler 'RuoyiScheduler' initialized from an externally provided properties instance.
01:55:48.923 [restartedMain] INFO  o.q.i.StdSchedulerFactory - [instantiate,1378] - Quartz scheduler version: 2.3.2
01:55:48.925 [restartedMain] INFO  o.q.c.QuartzScheduler - [setJobFactory,2293] - JobFactory set to: org.springframework.scheduling.quartz.AdaptableJobFactory@1c72b95
01:55:49.348 [restartedMain] INFO  o.q.c.QuartzScheduler - [shutdown,666] - Scheduler RuoyiScheduler_$_MGMMacBook-Pro.local1748710548901 shutting down.
01:55:49.348 [restartedMain] INFO  o.q.c.QuartzScheduler - [standby,585] - Scheduler RuoyiScheduler_$_MGMMacBook-Pro.local1748710548901 paused.
01:55:49.349 [restartedMain] INFO  o.q.c.QuartzScheduler - [shutdown,740] - Scheduler RuoyiScheduler_$_MGMMacBook-Pro.local1748710548901 shutdown complete.
01:55:49.350 [restartedMain] INFO  sys-user - [shutdownAsyncManager,31] - ====关闭后台任务任务线程池====
01:55:49.355 [restartedMain] INFO  c.a.d.p.DruidDataSource - [close,2071] - {dataSource-1} closing ...
01:55:49.362 [restartedMain] INFO  c.a.d.p.DruidDataSource - [close,2144] - {dataSource-1} closed
01:55:49.530 [restartedMain] INFO  o.a.c.c.StandardService - [log,173] - Stopping service [Tomcat]
01:57:10.835 [restartedMain] INFO  c.s.RuoYiApplication - [logStarting,55] - Starting RuoYiApplication using Java 1.8.0_442 on MGMMacBook-Pro.local with PID 11505 (/Users/mgm/Desktop/YoLive-main/source-vue-master/source-admin/target/classes started by mgm in /Users/mgm/Desktop/YoLive-main)
01:57:10.842 [background-preinit] INFO  o.h.v.i.util.Version - [<clinit>,21] - HV000001: Hibernate Validator 6.2.0.Final
01:57:10.843 [restartedMain] INFO  c.s.RuoYiApplication - [logStartupProfileInfo,674] - The following profiles are active: druid
01:57:13.566 [restartedMain] INFO  o.a.c.h.Http11NioProtocol - [log,173] - Initializing ProtocolHandler ["http-nio-0.0.0.0-8088"]
01:57:13.568 [restartedMain] INFO  o.a.c.c.StandardService - [log,173] - Starting service [Tomcat]
01:57:13.568 [restartedMain] INFO  o.a.c.c.StandardEngine - [log,173] - Starting Servlet engine: [Apache Tomcat/9.0.56]
01:57:13.632 [restartedMain] INFO  o.a.c.c.C.[.[.[/] - [log,173] - Initializing Spring embedded WebApplicationContext
01:57:15.717 [restartedMain] INFO  c.a.d.p.DruidDataSource - [init,998] - {dataSource-1} inited
01:57:17.235 [restartedMain] INFO  o.q.i.StdSchedulerFactory - [instantiate,1220] - Using default implementation for ThreadExecutor
01:57:17.245 [restartedMain] INFO  o.q.c.SchedulerSignalerImpl - [<init>,61] - Initialized Scheduler Signaller of type: class org.quartz.core.SchedulerSignalerImpl
01:57:17.246 [restartedMain] INFO  o.q.c.QuartzScheduler - [<init>,229] - Quartz Scheduler v.2.3.2 created.
01:57:17.251 [restartedMain] INFO  o.q.c.QuartzScheduler - [initialize,294] - Scheduler meta-data: Quartz Scheduler (v2.3.2) 'RuoyiScheduler' with instanceId 'MGMMacBook-Pro.local1748710637238'
  Scheduler class: 'org.quartz.core.QuartzScheduler' - running locally.
  NOT STARTED.
  Currently in standby mode.
  Number of jobs executed: 0
  Using thread pool 'org.quartz.simpl.SimpleThreadPool' - with 20 threads.
  Using job-store 'org.springframework.scheduling.quartz.LocalDataSourceJobStore' - which supports persistence. and is clustered.

01:57:17.251 [restartedMain] INFO  o.q.i.StdSchedulerFactory - [instantiate,1374] - Quartz scheduler 'RuoyiScheduler' initialized from an externally provided properties instance.
01:57:17.252 [restartedMain] INFO  o.q.i.StdSchedulerFactory - [instantiate,1378] - Quartz scheduler version: 2.3.2
01:57:17.252 [restartedMain] INFO  o.q.c.QuartzScheduler - [setJobFactory,2293] - JobFactory set to: org.springframework.scheduling.quartz.AdaptableJobFactory@2b0352cb
01:57:19.740 [restartedMain] INFO  o.a.c.h.Http11NioProtocol - [log,173] - Starting ProtocolHandler ["http-nio-0.0.0.0-8088"]
01:57:20.096 [restartedMain] INFO  c.s.RuoYiApplication - [logStarted,61] - Started RuoYiApplication in 9.852 seconds (JVM running for 10.771)
01:57:21.143 [Quartz Scheduler [RuoyiScheduler]] INFO  o.q.c.QuartzScheduler - [start,547] - Scheduler RuoyiScheduler_$_MGMMacBook-Pro.local1748710637238 started.
01:57:29.617 [http-nio-0.0.0.0-8088-exec-1] INFO  o.a.c.c.C.[.[.[/] - [log,173] - Initializing Spring DispatcherServlet 'dispatcherServlet'
01:57:29.761 [http-nio-0.0.0.0-8088-exec-2] INFO  c.s.c.u.h.HttpUtils - [sendGet,63] - sendGet - https://api.weixin.qq.com/cgi-bin/token?grant_type=client_credential&appid=换你自己的&secret=换你自己的
01:57:30.230 [http-nio-0.0.0.0-8088-exec-2] INFO  c.s.c.u.h.HttpUtils - [sendGet,76] - recv - {"errcode":40013,"errmsg":"invalid appid rid: 683b34fa-14932adb-03951270"}
01:57:38.196 [schedule-pool-1] INFO  sys-user - [run,55] - [127.0.0.1]内网IP[admin][Success][登录成功]
02:09:33.027 [SpringApplicationShutdownHook] INFO  o.q.c.QuartzScheduler - [standby,585] - Scheduler RuoyiScheduler_$_MGMMacBook-Pro.local1748710637238 paused.
02:09:33.166 [SpringApplicationShutdownHook] INFO  o.q.c.QuartzScheduler - [shutdown,666] - Scheduler RuoyiScheduler_$_MGMMacBook-Pro.local1748710637238 shutting down.
02:09:33.169 [SpringApplicationShutdownHook] INFO  o.q.c.QuartzScheduler - [standby,585] - Scheduler RuoyiScheduler_$_MGMMacBook-Pro.local1748710637238 paused.
02:09:33.172 [SpringApplicationShutdownHook] INFO  o.q.c.QuartzScheduler - [shutdown,740] - Scheduler RuoyiScheduler_$_MGMMacBook-Pro.local1748710637238 shutdown complete.
02:09:33.173 [SpringApplicationShutdownHook] INFO  sys-user - [shutdownAsyncManager,31] - ====关闭后台任务任务线程池====
02:09:33.189 [SpringApplicationShutdownHook] INFO  c.a.d.p.DruidDataSource - [close,2071] - {dataSource-1} closing ...
02:09:33.233 [SpringApplicationShutdownHook] INFO  c.a.d.p.DruidDataSource - [close,2144] - {dataSource-1} closed
02:09:46.525 [background-preinit] INFO  o.h.v.i.util.Version - [<clinit>,21] - HV000001: Hibernate Validator 6.2.0.Final
02:09:46.525 [restartedMain] INFO  c.s.RuoYiApplication - [logStarting,55] - Starting RuoYiApplication using Java 1.8.0_442 on MGMMacBook-Pro.local with PID 12154 (/Users/mgm/Desktop/YoLive-main/source-vue-master/source-admin/target/classes started by mgm in /Users/mgm/Desktop/YoLive-main)
02:09:46.528 [restartedMain] INFO  c.s.RuoYiApplication - [logStartupProfileInfo,674] - The following profiles are active: druid
02:09:49.101 [restartedMain] INFO  o.a.c.h.Http11NioProtocol - [log,173] - Initializing ProtocolHandler ["http-nio-0.0.0.0-8088"]
02:09:49.103 [restartedMain] INFO  o.a.c.c.StandardService - [log,173] - Starting service [Tomcat]
02:09:49.103 [restartedMain] INFO  o.a.c.c.StandardEngine - [log,173] - Starting Servlet engine: [Apache Tomcat/9.0.56]
02:09:49.165 [restartedMain] INFO  o.a.c.c.C.[.[.[/] - [log,173] - Initializing Spring embedded WebApplicationContext
02:09:51.186 [restartedMain] INFO  c.a.d.p.DruidDataSource - [init,998] - {dataSource-1} inited
02:09:52.637 [restartedMain] INFO  o.q.i.StdSchedulerFactory - [instantiate,1220] - Using default implementation for ThreadExecutor
02:09:52.647 [restartedMain] INFO  o.q.c.SchedulerSignalerImpl - [<init>,61] - Initialized Scheduler Signaller of type: class org.quartz.core.SchedulerSignalerImpl
02:09:52.648 [restartedMain] INFO  o.q.c.QuartzScheduler - [<init>,229] - Quartz Scheduler v.2.3.2 created.
02:09:52.652 [restartedMain] INFO  o.q.c.QuartzScheduler - [initialize,294] - Scheduler meta-data: Quartz Scheduler (v2.3.2) 'RuoyiScheduler' with instanceId 'MGMMacBook-Pro.local1748711392639'
  Scheduler class: 'org.quartz.core.QuartzScheduler' - running locally.
  NOT STARTED.
  Currently in standby mode.
  Number of jobs executed: 0
  Using thread pool 'org.quartz.simpl.SimpleThreadPool' - with 20 threads.
  Using job-store 'org.springframework.scheduling.quartz.LocalDataSourceJobStore' - which supports persistence. and is clustered.

02:09:52.654 [restartedMain] INFO  o.q.i.StdSchedulerFactory - [instantiate,1374] - Quartz scheduler 'RuoyiScheduler' initialized from an externally provided properties instance.
02:09:52.654 [restartedMain] INFO  o.q.i.StdSchedulerFactory - [instantiate,1378] - Quartz scheduler version: 2.3.2
02:09:52.655 [restartedMain] INFO  o.q.c.QuartzScheduler - [setJobFactory,2293] - JobFactory set to: org.springframework.scheduling.quartz.AdaptableJobFactory@3c364d3d
02:09:54.834 [restartedMain] INFO  o.a.c.h.Http11NioProtocol - [log,173] - Starting ProtocolHandler ["http-nio-0.0.0.0-8088"]
02:09:55.166 [restartedMain] INFO  c.s.RuoYiApplication - [logStarted,61] - Started RuoYiApplication in 9.148 seconds (JVM running for 10.097)
02:09:56.217 [Quartz Scheduler [RuoyiScheduler]] INFO  o.q.c.QuartzScheduler - [start,547] - Scheduler RuoyiScheduler_$_MGMMacBook-Pro.local1748711392639 started.
02:10:02.937 [http-nio-0.0.0.0-8088-exec-1] INFO  o.a.c.c.C.[.[.[/] - [log,173] - Initializing Spring DispatcherServlet 'dispatcherServlet'
02:10:15.218 [schedule-pool-1] INFO  sys-user - [run,55] - [127.0.0.1]内网IP[admin][Logout][退出成功]
02:10:16.571 [http-nio-0.0.0.0-8088-exec-9] INFO  c.s.c.u.h.HttpUtils - [sendGet,63] - sendGet - https://api.weixin.qq.com/cgi-bin/token?grant_type=client_credential&appid=换你自己的&secret=换你自己的
02:10:17.098 [http-nio-0.0.0.0-8088-exec-9] INFO  c.s.c.u.h.HttpUtils - [sendGet,76] - recv - {"errcode":40013,"errmsg":"invalid appid rid: 683b37f9-6045bc5c-228bec69"}
02:10:28.569 [schedule-pool-1] INFO  sys-user - [run,55] - [127.0.0.1]内网IP[admin][Success][登录成功]
02:27:50.924 [SpringApplicationShutdownHook] INFO  o.q.c.QuartzScheduler - [standby,585] - Scheduler RuoyiScheduler_$_MGMMacBook-Pro.local1748711392639 paused.
02:27:51.071 [SpringApplicationShutdownHook] INFO  o.q.c.QuartzScheduler - [shutdown,666] - Scheduler RuoyiScheduler_$_MGMMacBook-Pro.local1748711392639 shutting down.
02:27:51.072 [SpringApplicationShutdownHook] INFO  o.q.c.QuartzScheduler - [standby,585] - Scheduler RuoyiScheduler_$_MGMMacBook-Pro.local1748711392639 paused.
02:27:51.074 [SpringApplicationShutdownHook] INFO  o.q.c.QuartzScheduler - [shutdown,740] - Scheduler RuoyiScheduler_$_MGMMacBook-Pro.local1748711392639 shutdown complete.
02:27:51.075 [SpringApplicationShutdownHook] INFO  sys-user - [shutdownAsyncManager,31] - ====关闭后台任务任务线程池====
02:27:51.087 [SpringApplicationShutdownHook] INFO  c.a.d.p.DruidDataSource - [close,2071] - {dataSource-1} closing ...
02:27:51.106 [SpringApplicationShutdownHook] INFO  c.a.d.p.DruidDataSource - [close,2144] - {dataSource-1} closed
02:27:58.651 [restartedMain] INFO  c.s.RuoYiApplication - [logStarting,55] - Starting RuoYiApplication using Java 1.8.0_442 on MGMMacBook-Pro.local with PID 12316 (/Users/mgm/Desktop/YoLive-main/source-vue-master/source-admin/target/classes started by mgm in /Users/mgm/Desktop/YoLive-main)
02:27:58.652 [background-preinit] INFO  o.h.v.i.util.Version - [<clinit>,21] - HV000001: Hibernate Validator 6.2.0.Final
02:27:58.656 [restartedMain] INFO  c.s.RuoYiApplication - [logStartupProfileInfo,674] - The following profiles are active: druid
02:28:01.893 [restartedMain] INFO  o.a.c.h.Http11NioProtocol - [log,173] - Initializing ProtocolHandler ["http-nio-0.0.0.0-8088"]
02:28:01.894 [restartedMain] INFO  o.a.c.c.StandardService - [log,173] - Starting service [Tomcat]
02:28:01.894 [restartedMain] INFO  o.a.c.c.StandardEngine - [log,173] - Starting Servlet engine: [Apache Tomcat/9.0.56]
02:28:01.957 [restartedMain] INFO  o.a.c.c.C.[.[.[/] - [log,173] - Initializing Spring embedded WebApplicationContext
02:28:04.108 [restartedMain] INFO  c.a.d.p.DruidDataSource - [init,998] - {dataSource-1} inited
02:28:05.572 [restartedMain] INFO  o.q.i.StdSchedulerFactory - [instantiate,1220] - Using default implementation for ThreadExecutor
02:28:05.581 [restartedMain] INFO  o.q.c.SchedulerSignalerImpl - [<init>,61] - Initialized Scheduler Signaller of type: class org.quartz.core.SchedulerSignalerImpl
02:28:05.582 [restartedMain] INFO  o.q.c.QuartzScheduler - [<init>,229] - Quartz Scheduler v.2.3.2 created.
02:28:05.586 [restartedMain] INFO  o.q.c.QuartzScheduler - [initialize,294] - Scheduler meta-data: Quartz Scheduler (v2.3.2) 'RuoyiScheduler' with instanceId 'MGMMacBook-Pro.local1748712485574'
  Scheduler class: 'org.quartz.core.QuartzScheduler' - running locally.
  NOT STARTED.
  Currently in standby mode.
  Number of jobs executed: 0
  Using thread pool 'org.quartz.simpl.SimpleThreadPool' - with 20 threads.
  Using job-store 'org.springframework.scheduling.quartz.LocalDataSourceJobStore' - which supports persistence. and is clustered.

02:28:05.587 [restartedMain] INFO  o.q.i.StdSchedulerFactory - [instantiate,1374] - Quartz scheduler 'RuoyiScheduler' initialized from an externally provided properties instance.
02:28:05.587 [restartedMain] INFO  o.q.i.StdSchedulerFactory - [instantiate,1378] - Quartz scheduler version: 2.3.2
02:28:05.588 [restartedMain] INFO  o.q.c.QuartzScheduler - [setJobFactory,2293] - JobFactory set to: org.springframework.scheduling.quartz.AdaptableJobFactory@26f9d163
02:28:07.922 [restartedMain] INFO  o.a.c.h.Http11NioProtocol - [log,173] - Starting ProtocolHandler ["http-nio-0.0.0.0-8088"]
02:28:08.236 [restartedMain] INFO  c.s.RuoYiApplication - [logStarted,61] - Started RuoYiApplication in 10.037 seconds (JVM running for 10.945)
02:28:09.270 [Quartz Scheduler [RuoyiScheduler]] INFO  o.q.c.QuartzScheduler - [start,547] - Scheduler RuoyiScheduler_$_MGMMacBook-Pro.local1748712485574 started.
02:28:22.216 [http-nio-0.0.0.0-8088-exec-1] INFO  o.a.c.c.C.[.[.[/] - [log,173] - Initializing Spring DispatcherServlet 'dispatcherServlet'
02:48:56.162 [SpringApplicationShutdownHook] INFO  o.q.c.QuartzScheduler - [standby,585] - Scheduler RuoyiScheduler_$_MGMMacBook-Pro.local1748712485574 paused.
02:48:56.348 [SpringApplicationShutdownHook] INFO  o.q.c.QuartzScheduler - [shutdown,666] - Scheduler RuoyiScheduler_$_MGMMacBook-Pro.local1748712485574 shutting down.
02:48:56.350 [SpringApplicationShutdownHook] INFO  o.q.c.QuartzScheduler - [standby,585] - Scheduler RuoyiScheduler_$_MGMMacBook-Pro.local1748712485574 paused.
02:48:56.355 [SpringApplicationShutdownHook] INFO  o.q.c.QuartzScheduler - [shutdown,740] - Scheduler RuoyiScheduler_$_MGMMacBook-Pro.local1748712485574 shutdown complete.
02:48:56.356 [SpringApplicationShutdownHook] INFO  sys-user - [shutdownAsyncManager,31] - ====关闭后台任务任务线程池====
02:48:56.364 [SpringApplicationShutdownHook] INFO  c.a.d.p.DruidDataSource - [close,2071] - {dataSource-1} closing ...
02:48:56.395 [SpringApplicationShutdownHook] INFO  c.a.d.p.DruidDataSource - [close,2144] - {dataSource-1} closed
02:49:08.164 [background-preinit] INFO  o.h.v.i.util.Version - [<clinit>,21] - HV000001: Hibernate Validator 6.2.0.Final
02:49:08.175 [restartedMain] INFO  c.s.RuoYiApplication - [logStarting,55] - Starting RuoYiApplication using Java 1.8.0_442 on MGMMacBook-Pro.local with PID 13944 (/Users/mgm/Desktop/YoLive-main/source-vue-master/source-admin/target/classes started by mgm in /Users/mgm/Desktop/YoLive-main)
02:49:08.177 [restartedMain] INFO  c.s.RuoYiApplication - [logStartupProfileInfo,674] - The following profiles are active: druid
02:49:12.868 [restartedMain] INFO  o.a.c.h.Http11NioProtocol - [log,173] - Initializing ProtocolHandler ["http-nio-0.0.0.0-8088"]
02:49:12.870 [restartedMain] INFO  o.a.c.c.StandardService - [log,173] - Starting service [Tomcat]
02:49:12.870 [restartedMain] INFO  o.a.c.c.StandardEngine - [log,173] - Starting Servlet engine: [Apache Tomcat/9.0.56]
02:49:12.982 [restartedMain] INFO  o.a.c.c.C.[.[.[/] - [log,173] - Initializing Spring embedded WebApplicationContext
02:49:17.175 [restartedMain] INFO  c.a.d.p.DruidDataSource - [init,998] - {dataSource-1} inited
02:49:19.339 [restartedMain] INFO  o.q.i.StdSchedulerFactory - [instantiate,1220] - Using default implementation for ThreadExecutor
02:49:19.351 [restartedMain] INFO  o.q.c.SchedulerSignalerImpl - [<init>,61] - Initialized Scheduler Signaller of type: class org.quartz.core.SchedulerSignalerImpl
02:49:19.352 [restartedMain] INFO  o.q.c.QuartzScheduler - [<init>,229] - Quartz Scheduler v.2.3.2 created.
02:49:19.357 [restartedMain] INFO  o.q.c.QuartzScheduler - [initialize,294] - Scheduler meta-data: Quartz Scheduler (v2.3.2) 'RuoyiScheduler' with instanceId 'MGMMacBook-Pro.local1748713759341'
  Scheduler class: 'org.quartz.core.QuartzScheduler' - running locally.
  NOT STARTED.
  Currently in standby mode.
  Number of jobs executed: 0
  Using thread pool 'org.quartz.simpl.SimpleThreadPool' - with 20 threads.
  Using job-store 'org.springframework.scheduling.quartz.LocalDataSourceJobStore' - which supports persistence. and is clustered.

02:49:19.358 [restartedMain] INFO  o.q.i.StdSchedulerFactory - [instantiate,1374] - Quartz scheduler 'RuoyiScheduler' initialized from an externally provided properties instance.
02:49:19.358 [restartedMain] INFO  o.q.i.StdSchedulerFactory - [instantiate,1378] - Quartz scheduler version: 2.3.2
02:49:19.359 [restartedMain] INFO  o.q.c.QuartzScheduler - [setJobFactory,2293] - JobFactory set to: org.springframework.scheduling.quartz.AdaptableJobFactory@42886f2
02:49:22.973 [restartedMain] INFO  o.a.c.h.Http11NioProtocol - [log,173] - Starting ProtocolHandler ["http-nio-0.0.0.0-8088"]
02:49:23.371 [restartedMain] INFO  c.s.RuoYiApplication - [logStarted,61] - Started RuoYiApplication in 15.972 seconds (JVM running for 16.901)
02:49:24.424 [Quartz Scheduler [RuoyiScheduler]] INFO  o.q.c.QuartzScheduler - [start,547] - Scheduler RuoyiScheduler_$_MGMMacBook-Pro.local1748713759341 started.
02:49:27.797 [http-nio-0.0.0.0-8088-exec-1] INFO  o.a.c.c.C.[.[.[/] - [log,173] - Initializing Spring DispatcherServlet 'dispatcherServlet'
02:51:24.563 [SpringApplicationShutdownHook] INFO  o.q.c.QuartzScheduler - [standby,585] - Scheduler RuoyiScheduler_$_MGMMacBook-Pro.local1748713759341 paused.
02:51:24.706 [SpringApplicationShutdownHook] INFO  o.q.c.QuartzScheduler - [shutdown,666] - Scheduler RuoyiScheduler_$_MGMMacBook-Pro.local1748713759341 shutting down.
02:51:24.709 [SpringApplicationShutdownHook] INFO  o.q.c.QuartzScheduler - [standby,585] - Scheduler RuoyiScheduler_$_MGMMacBook-Pro.local1748713759341 paused.
02:51:24.714 [SpringApplicationShutdownHook] INFO  o.q.c.QuartzScheduler - [shutdown,740] - Scheduler RuoyiScheduler_$_MGMMacBook-Pro.local1748713759341 shutdown complete.
02:51:24.715 [SpringApplicationShutdownHook] INFO  sys-user - [shutdownAsyncManager,31] - ====关闭后台任务任务线程池====
02:51:24.741 [SpringApplicationShutdownHook] INFO  c.a.d.p.DruidDataSource - [close,2071] - {dataSource-1} closing ...
02:51:24.780 [SpringApplicationShutdownHook] INFO  c.a.d.p.DruidDataSource - [close,2144] - {dataSource-1} closed
02:51:32.250 [restartedMain] INFO  c.s.RuoYiApplication - [logStarting,55] - Starting RuoYiApplication using Java 1.8.0_442 on MGMMacBook-Pro.local with PID 13977 (/Users/mgm/Desktop/YoLive-main/source-vue-master/source-admin/target/classes started by mgm in /Users/mgm/Desktop/YoLive-main)
02:51:32.262 [restartedMain] INFO  c.s.RuoYiApplication - [logStartupProfileInfo,674] - The following profiles are active: druid
02:51:32.262 [background-preinit] INFO  o.h.v.i.util.Version - [<clinit>,21] - HV000001: Hibernate Validator 6.2.0.Final
02:51:36.282 [restartedMain] INFO  o.a.c.h.Http11NioProtocol - [log,173] - Initializing ProtocolHandler ["http-nio-0.0.0.0-8088"]
02:51:36.284 [restartedMain] INFO  o.a.c.c.StandardService - [log,173] - Starting service [Tomcat]
02:51:36.284 [restartedMain] INFO  o.a.c.c.StandardEngine - [log,173] - Starting Servlet engine: [Apache Tomcat/9.0.56]
02:51:36.353 [restartedMain] INFO  o.a.c.c.C.[.[.[/] - [log,173] - Initializing Spring embedded WebApplicationContext
02:51:38.437 [restartedMain] INFO  c.a.d.p.DruidDataSource - [init,998] - {dataSource-1} inited
02:51:40.227 [restartedMain] INFO  o.q.i.StdSchedulerFactory - [instantiate,1220] - Using default implementation for ThreadExecutor
02:51:40.238 [restartedMain] INFO  o.q.c.SchedulerSignalerImpl - [<init>,61] - Initialized Scheduler Signaller of type: class org.quartz.core.SchedulerSignalerImpl
02:51:40.239 [restartedMain] INFO  o.q.c.QuartzScheduler - [<init>,229] - Quartz Scheduler v.2.3.2 created.
02:51:40.245 [restartedMain] INFO  o.q.c.QuartzScheduler - [initialize,294] - Scheduler meta-data: Quartz Scheduler (v2.3.2) 'RuoyiScheduler' with instanceId 'MGMMacBook-Pro.local1748713900230'
  Scheduler class: 'org.quartz.core.QuartzScheduler' - running locally.
  NOT STARTED.
  Currently in standby mode.
  Number of jobs executed: 0
  Using thread pool 'org.quartz.simpl.SimpleThreadPool' - with 20 threads.
  Using job-store 'org.springframework.scheduling.quartz.LocalDataSourceJobStore' - which supports persistence. and is clustered.

02:51:40.246 [restartedMain] INFO  o.q.i.StdSchedulerFactory - [instantiate,1374] - Quartz scheduler 'RuoyiScheduler' initialized from an externally provided properties instance.
02:51:40.246 [restartedMain] INFO  o.q.i.StdSchedulerFactory - [instantiate,1378] - Quartz scheduler version: 2.3.2
02:51:40.248 [restartedMain] INFO  o.q.c.QuartzScheduler - [setJobFactory,2293] - JobFactory set to: org.springframework.scheduling.quartz.AdaptableJobFactory@5771f5a3
02:51:42.907 [restartedMain] INFO  o.a.c.h.Http11NioProtocol - [log,173] - Starting ProtocolHandler ["http-nio-0.0.0.0-8088"]
02:51:43.279 [restartedMain] INFO  c.s.RuoYiApplication - [logStarted,61] - Started RuoYiApplication in 11.643 seconds (JVM running for 12.468)
02:51:44.325 [Quartz Scheduler [RuoyiScheduler]] INFO  o.q.c.QuartzScheduler - [start,547] - Scheduler RuoyiScheduler_$_MGMMacBook-Pro.local1748713900230 started.
02:51:53.657 [http-nio-0.0.0.0-8088-exec-1] INFO  o.a.c.c.C.[.[.[/] - [log,173] - Initializing Spring DispatcherServlet 'dispatcherServlet'
02:59:11.332 [SpringApplicationShutdownHook] INFO  o.q.c.QuartzScheduler - [standby,585] - Scheduler RuoyiScheduler_$_MGMMacBook-Pro.local1748713900230 paused.
02:59:11.536 [SpringApplicationShutdownHook] INFO  o.q.c.QuartzScheduler - [shutdown,666] - Scheduler RuoyiScheduler_$_MGMMacBook-Pro.local1748713900230 shutting down.
02:59:11.538 [SpringApplicationShutdownHook] INFO  o.q.c.QuartzScheduler - [standby,585] - Scheduler RuoyiScheduler_$_MGMMacBook-Pro.local1748713900230 paused.
02:59:11.551 [SpringApplicationShutdownHook] INFO  o.q.c.QuartzScheduler - [shutdown,740] - Scheduler RuoyiScheduler_$_MGMMacBook-Pro.local1748713900230 shutdown complete.
02:59:11.552 [SpringApplicationShutdownHook] INFO  sys-user - [shutdownAsyncManager,31] - ====关闭后台任务任务线程池====
02:59:11.621 [SpringApplicationShutdownHook] INFO  c.a.d.p.DruidDataSource - [close,2071] - {dataSource-1} closing ...
02:59:11.667 [SpringApplicationShutdownHook] INFO  c.a.d.p.DruidDataSource - [close,2144] - {dataSource-1} closed
02:59:18.376 [restartedMain] INFO  c.s.RuoYiApplication - [logStarting,55] - Starting RuoYiApplication using Java 1.8.0_442 on MGMMacBook-Pro.local with PID 15017 (/Users/mgm/Desktop/YoLive-main/source-vue-master/source-admin/target/classes started by mgm in /Users/mgm/Desktop/YoLive-main)
02:59:18.377 [background-preinit] INFO  o.h.v.i.util.Version - [<clinit>,21] - HV000001: Hibernate Validator 6.2.0.Final
02:59:18.381 [restartedMain] INFO  c.s.RuoYiApplication - [logStartupProfileInfo,674] - The following profiles are active: druid
02:59:21.071 [restartedMain] INFO  o.a.c.h.Http11NioProtocol - [log,173] - Initializing ProtocolHandler ["http-nio-0.0.0.0-8088"]
02:59:21.072 [restartedMain] INFO  o.a.c.c.StandardService - [log,173] - Starting service [Tomcat]
02:59:21.072 [restartedMain] INFO  o.a.c.c.StandardEngine - [log,173] - Starting Servlet engine: [Apache Tomcat/9.0.56]
02:59:21.137 [restartedMain] INFO  o.a.c.c.C.[.[.[/] - [log,173] - Initializing Spring embedded WebApplicationContext
02:59:23.325 [restartedMain] INFO  c.a.d.p.DruidDataSource - [init,998] - {dataSource-1} inited
02:59:25.697 [restartedMain] INFO  o.q.i.StdSchedulerFactory - [instantiate,1220] - Using default implementation for ThreadExecutor
02:59:25.711 [restartedMain] INFO  o.q.c.SchedulerSignalerImpl - [<init>,61] - Initialized Scheduler Signaller of type: class org.quartz.core.SchedulerSignalerImpl
02:59:25.712 [restartedMain] INFO  o.q.c.QuartzScheduler - [<init>,229] - Quartz Scheduler v.2.3.2 created.
02:59:25.718 [restartedMain] INFO  o.q.c.QuartzScheduler - [initialize,294] - Scheduler meta-data: Quartz Scheduler (v2.3.2) 'RuoyiScheduler' with instanceId 'MGMMacBook-Pro.local1748714365699'
  Scheduler class: 'org.quartz.core.QuartzScheduler' - running locally.
  NOT STARTED.
  Currently in standby mode.
  Number of jobs executed: 0
  Using thread pool 'org.quartz.simpl.SimpleThreadPool' - with 20 threads.
  Using job-store 'org.springframework.scheduling.quartz.LocalDataSourceJobStore' - which supports persistence. and is clustered.

02:59:25.719 [restartedMain] INFO  o.q.i.StdSchedulerFactory - [instantiate,1374] - Quartz scheduler 'RuoyiScheduler' initialized from an externally provided properties instance.
02:59:25.719 [restartedMain] INFO  o.q.i.StdSchedulerFactory - [instantiate,1378] - Quartz scheduler version: 2.3.2
02:59:25.721 [restartedMain] INFO  o.q.c.QuartzScheduler - [setJobFactory,2293] - JobFactory set to: org.springframework.scheduling.quartz.AdaptableJobFactory@481f6313
02:59:29.120 [restartedMain] INFO  o.a.c.h.Http11NioProtocol - [log,173] - Starting ProtocolHandler ["http-nio-0.0.0.0-8088"]
02:59:29.631 [restartedMain] INFO  c.s.RuoYiApplication - [logStarted,61] - Started RuoYiApplication in 11.705 seconds (JVM running for 12.541)
02:59:30.646 [Quartz Scheduler [RuoyiScheduler]] INFO  o.q.c.QuartzScheduler - [start,547] - Scheduler RuoyiScheduler_$_MGMMacBook-Pro.local1748714365699 started.
02:59:51.247 [http-nio-0.0.0.0-8088-exec-1] INFO  o.a.c.c.C.[.[.[/] - [log,173] - Initializing Spring DispatcherServlet 'dispatcherServlet'
03:04:52.833 [SpringApplicationShutdownHook] INFO  o.q.c.QuartzScheduler - [standby,585] - Scheduler RuoyiScheduler_$_MGMMacBook-Pro.local1748714365699 paused.
03:04:52.902 [SpringApplicationShutdownHook] INFO  o.q.c.QuartzScheduler - [shutdown,666] - Scheduler RuoyiScheduler_$_MGMMacBook-Pro.local1748714365699 shutting down.
03:04:52.903 [SpringApplicationShutdownHook] INFO  o.q.c.QuartzScheduler - [standby,585] - Scheduler RuoyiScheduler_$_MGMMacBook-Pro.local1748714365699 paused.
03:04:52.905 [SpringApplicationShutdownHook] INFO  o.q.c.QuartzScheduler - [shutdown,740] - Scheduler RuoyiScheduler_$_MGMMacBook-Pro.local1748714365699 shutdown complete.
03:04:52.905 [SpringApplicationShutdownHook] INFO  sys-user - [shutdownAsyncManager,31] - ====关闭后台任务任务线程池====
03:04:52.923 [SpringApplicationShutdownHook] INFO  c.a.d.p.DruidDataSource - [close,2071] - {dataSource-1} closing ...
03:04:52.958 [SpringApplicationShutdownHook] INFO  c.a.d.p.DruidDataSource - [close,2144] - {dataSource-1} closed
03:05:00.024 [background-preinit] INFO  o.h.v.i.util.Version - [<clinit>,21] - HV000001: Hibernate Validator 6.2.0.Final
03:05:00.023 [restartedMain] INFO  c.s.RuoYiApplication - [logStarting,55] - Starting RuoYiApplication using Java 1.8.0_442 on MGMMacBook-Pro.local with PID 15068 (/Users/mgm/Desktop/YoLive-main/source-vue-master/source-admin/target/classes started by mgm in /Users/mgm/Desktop/YoLive-main)
03:05:00.026 [restartedMain] INFO  c.s.RuoYiApplication - [logStartupProfileInfo,674] - The following profiles are active: druid
03:05:02.745 [restartedMain] INFO  o.a.c.h.Http11NioProtocol - [log,173] - Initializing ProtocolHandler ["http-nio-0.0.0.0-8088"]
03:05:02.747 [restartedMain] INFO  o.a.c.c.StandardService - [log,173] - Starting service [Tomcat]
03:05:02.747 [restartedMain] INFO  o.a.c.c.StandardEngine - [log,173] - Starting Servlet engine: [Apache Tomcat/9.0.56]
03:05:02.809 [restartedMain] INFO  o.a.c.c.C.[.[.[/] - [log,173] - Initializing Spring embedded WebApplicationContext
03:05:04.781 [restartedMain] INFO  c.a.d.p.DruidDataSource - [init,998] - {dataSource-1} inited
03:05:06.325 [restartedMain] INFO  o.q.i.StdSchedulerFactory - [instantiate,1220] - Using default implementation for ThreadExecutor
03:05:06.335 [restartedMain] INFO  o.q.c.SchedulerSignalerImpl - [<init>,61] - Initialized Scheduler Signaller of type: class org.quartz.core.SchedulerSignalerImpl
03:05:06.336 [restartedMain] INFO  o.q.c.QuartzScheduler - [<init>,229] - Quartz Scheduler v.2.3.2 created.
03:05:06.340 [restartedMain] INFO  o.q.c.QuartzScheduler - [initialize,294] - Scheduler meta-data: Quartz Scheduler (v2.3.2) 'RuoyiScheduler' with instanceId 'MGMMacBook-Pro.local1748714706328'
  Scheduler class: 'org.quartz.core.QuartzScheduler' - running locally.
  NOT STARTED.
  Currently in standby mode.
  Number of jobs executed: 0
  Using thread pool 'org.quartz.simpl.SimpleThreadPool' - with 20 threads.
  Using job-store 'org.springframework.scheduling.quartz.LocalDataSourceJobStore' - which supports persistence. and is clustered.

03:05:06.341 [restartedMain] INFO  o.q.i.StdSchedulerFactory - [instantiate,1374] - Quartz scheduler 'RuoyiScheduler' initialized from an externally provided properties instance.
03:05:06.341 [restartedMain] INFO  o.q.i.StdSchedulerFactory - [instantiate,1378] - Quartz scheduler version: 2.3.2
03:05:06.342 [restartedMain] INFO  o.q.c.QuartzScheduler - [setJobFactory,2293] - JobFactory set to: org.springframework.scheduling.quartz.AdaptableJobFactory@3124a2b6
03:05:08.666 [restartedMain] INFO  o.a.c.h.Http11NioProtocol - [log,173] - Starting ProtocolHandler ["http-nio-0.0.0.0-8088"]
03:05:09.012 [restartedMain] INFO  c.s.RuoYiApplication - [logStarted,61] - Started RuoYiApplication in 9.45 seconds (JVM running for 10.302)
03:05:10.055 [Quartz Scheduler [RuoyiScheduler]] INFO  o.q.c.QuartzScheduler - [start,547] - Scheduler RuoyiScheduler_$_MGMMacBook-Pro.local1748714706328 started.
03:05:15.081 [http-nio-0.0.0.0-8088-exec-1] INFO  o.a.c.c.C.[.[.[/] - [log,173] - Initializing Spring DispatcherServlet 'dispatcherServlet'
03:05:22.041 [schedule-pool-1] INFO  sys-user - [run,55] - [127.0.0.1]内网IP[admin][Logout][退出成功]
03:05:22.752 [http-nio-0.0.0.0-8088-exec-23] INFO  c.s.c.u.h.HttpUtils - [sendGet,63] - sendGet - https://api.weixin.qq.com/cgi-bin/token?grant_type=client_credential&appid=换你自己的&secret=换你自己的
03:05:23.242 [http-nio-0.0.0.0-8088-exec-23] INFO  c.s.c.u.h.HttpUtils - [sendGet,76] - recv - {"errcode":40013,"errmsg":"invalid appid rid: 683b44e3-4c28f0ce-5f89b55c"}
03:05:23.966 [http-nio-0.0.0.0-8088-exec-26] INFO  c.s.c.u.h.HttpUtils - [sendGet,63] - sendGet - https://api.weixin.qq.com/cgi-bin/token?grant_type=client_credential&appid=换你自己的&secret=换你自己的
03:05:24.028 [http-nio-0.0.0.0-8088-exec-26] INFO  c.s.c.u.h.HttpUtils - [sendGet,76] - recv - {"errcode":40013,"errmsg":"invalid appid rid: 683b44e4-5d83c446-1b597dc4"}
03:05:25.269 [http-nio-0.0.0.0-8088-exec-29] INFO  c.s.c.u.h.HttpUtils - [sendGet,63] - sendGet - https://api.weixin.qq.com/cgi-bin/token?grant_type=client_credential&appid=换你自己的&secret=换你自己的
03:05:25.328 [http-nio-0.0.0.0-8088-exec-29] INFO  c.s.c.u.h.HttpUtils - [sendGet,76] - recv - {"errcode":40013,"errmsg":"invalid appid rid: 683b44e5-5b271136-07f350f4"}
03:05:27.627 [http-nio-0.0.0.0-8088-exec-32] INFO  c.s.c.u.h.HttpUtils - [sendGet,63] - sendGet - https://api.weixin.qq.com/cgi-bin/token?grant_type=client_credential&appid=换你自己的&secret=换你自己的
03:05:27.683 [http-nio-0.0.0.0-8088-exec-32] INFO  c.s.c.u.h.HttpUtils - [sendGet,76] - recv - {"errcode":40013,"errmsg":"invalid appid rid: 683b44e7-2e213646-52ab1157"}
03:05:30.030 [http-nio-0.0.0.0-8088-exec-34] INFO  c.s.c.u.h.HttpUtils - [sendGet,63] - sendGet - https://api.weixin.qq.com/cgi-bin/token?grant_type=client_credential&appid=换你自己的&secret=换你自己的
03:05:30.092 [http-nio-0.0.0.0-8088-exec-34] INFO  c.s.c.u.h.HttpUtils - [sendGet,76] - recv - {"errcode":40013,"errmsg":"invalid appid rid: 683b44ea-61290e30-34817088"}
03:05:31.912 [http-nio-0.0.0.0-8088-exec-37] INFO  c.s.c.u.h.HttpUtils - [sendGet,63] - sendGet - https://api.weixin.qq.com/cgi-bin/token?grant_type=client_credential&appid=换你自己的&secret=换你自己的
03:05:31.971 [http-nio-0.0.0.0-8088-exec-37] INFO  c.s.c.u.h.HttpUtils - [sendGet,76] - recv - {"errcode":40013,"errmsg":"invalid appid rid: 683b44eb-59df11fc-50aded18"}
03:06:03.742 [SpringApplicationShutdownHook] INFO  o.q.c.QuartzScheduler - [standby,585] - Scheduler RuoyiScheduler_$_MGMMacBook-Pro.local1748714706328 paused.
03:06:03.801 [SpringApplicationShutdownHook] INFO  o.q.c.QuartzScheduler - [shutdown,666] - Scheduler RuoyiScheduler_$_MGMMacBook-Pro.local1748714706328 shutting down.
03:06:03.802 [SpringApplicationShutdownHook] INFO  o.q.c.QuartzScheduler - [standby,585] - Scheduler RuoyiScheduler_$_MGMMacBook-Pro.local1748714706328 paused.
03:06:03.804 [SpringApplicationShutdownHook] INFO  o.q.c.QuartzScheduler - [shutdown,740] - Scheduler RuoyiScheduler_$_MGMMacBook-Pro.local1748714706328 shutdown complete.
03:06:03.805 [SpringApplicationShutdownHook] INFO  sys-user - [shutdownAsyncManager,31] - ====关闭后台任务任务线程池====
03:06:03.814 [SpringApplicationShutdownHook] INFO  c.a.d.p.DruidDataSource - [close,2071] - {dataSource-1} closing ...
03:06:03.865 [SpringApplicationShutdownHook] INFO  c.a.d.p.DruidDataSource - [close,2144] - {dataSource-1} closed
03:06:11.281 [background-preinit] INFO  o.h.v.i.util.Version - [<clinit>,21] - HV000001: Hibernate Validator 6.2.0.Final
03:06:11.281 [restartedMain] INFO  c.s.RuoYiApplication - [logStarting,55] - Starting RuoYiApplication using Java 1.8.0_442 on MGMMacBook-Pro.local with PID 15083 (/Users/mgm/Desktop/YoLive-main/source-vue-master/source-admin/target/classes started by mgm in /Users/mgm/Desktop/YoLive-main)
03:06:11.287 [restartedMain] INFO  c.s.RuoYiApplication - [logStartupProfileInfo,674] - The following profiles are active: druid
03:06:13.879 [restartedMain] INFO  o.a.c.h.Http11NioProtocol - [log,173] - Initializing ProtocolHandler ["http-nio-0.0.0.0-8088"]
03:06:13.880 [restartedMain] INFO  o.a.c.c.StandardService - [log,173] - Starting service [Tomcat]
03:06:13.881 [restartedMain] INFO  o.a.c.c.StandardEngine - [log,173] - Starting Servlet engine: [Apache Tomcat/9.0.56]
03:06:13.940 [restartedMain] INFO  o.a.c.c.C.[.[.[/] - [log,173] - Initializing Spring embedded WebApplicationContext
03:06:15.858 [restartedMain] INFO  c.a.d.p.DruidDataSource - [init,998] - {dataSource-1} inited
03:06:17.308 [restartedMain] INFO  o.q.i.StdSchedulerFactory - [instantiate,1220] - Using default implementation for ThreadExecutor
03:06:17.318 [restartedMain] INFO  o.q.c.SchedulerSignalerImpl - [<init>,61] - Initialized Scheduler Signaller of type: class org.quartz.core.SchedulerSignalerImpl
03:06:17.318 [restartedMain] INFO  o.q.c.QuartzScheduler - [<init>,229] - Quartz Scheduler v.2.3.2 created.
03:06:17.322 [restartedMain] INFO  o.q.c.QuartzScheduler - [initialize,294] - Scheduler meta-data: Quartz Scheduler (v2.3.2) 'RuoyiScheduler' with instanceId 'MGMMacBook-Pro.local1748714777310'
  Scheduler class: 'org.quartz.core.QuartzScheduler' - running locally.
  NOT STARTED.
  Currently in standby mode.
  Number of jobs executed: 0
  Using thread pool 'org.quartz.simpl.SimpleThreadPool' - with 20 threads.
  Using job-store 'org.springframework.scheduling.quartz.LocalDataSourceJobStore' - which supports persistence. and is clustered.

03:06:17.323 [restartedMain] INFO  o.q.i.StdSchedulerFactory - [instantiate,1374] - Quartz scheduler 'RuoyiScheduler' initialized from an externally provided properties instance.
03:06:17.323 [restartedMain] INFO  o.q.i.StdSchedulerFactory - [instantiate,1378] - Quartz scheduler version: 2.3.2
03:06:17.324 [restartedMain] INFO  o.q.c.QuartzScheduler - [setJobFactory,2293] - JobFactory set to: org.springframework.scheduling.quartz.AdaptableJobFactory@1b067f88
03:06:19.684 [restartedMain] INFO  o.a.c.h.Http11NioProtocol - [log,173] - Starting ProtocolHandler ["http-nio-0.0.0.0-8088"]
03:06:20.077 [restartedMain] INFO  c.s.RuoYiApplication - [logStarted,61] - Started RuoYiApplication in 9.275 seconds (JVM running for 10.114)
03:06:21.151 [Quartz Scheduler [RuoyiScheduler]] INFO  o.q.c.QuartzScheduler - [start,547] - Scheduler RuoyiScheduler_$_MGMMacBook-Pro.local1748714777310 started.
03:06:26.929 [http-nio-0.0.0.0-8088-exec-1] INFO  o.a.c.c.C.[.[.[/] - [log,173] - Initializing Spring DispatcherServlet 'dispatcherServlet'
03:06:27.100 [http-nio-0.0.0.0-8088-exec-2] INFO  c.s.c.u.h.HttpUtils - [sendGet,63] - sendGet - https://api.weixin.qq.com/cgi-bin/token?grant_type=client_credential&appid=换你自己的&secret=换你自己的
03:06:27.530 [http-nio-0.0.0.0-8088-exec-2] INFO  c.s.c.u.h.HttpUtils - [sendGet,76] - recv - {"errcode":40013,"errmsg":"invalid appid rid: 683b4523-0f5294c5-098692fa"}
03:06:32.599 [schedule-pool-1] INFO  sys-user - [run,55] - [127.0.0.1]内网IP[demo][Success][登录成功]
03:06:45.502 [schedule-pool-1] INFO  sys-user - [run,55] - [127.0.0.1]内网IP[demo][Logout][退出成功]
03:06:45.982 [http-nio-0.0.0.0-8088-exec-29] INFO  c.s.c.u.h.HttpUtils - [sendGet,63] - sendGet - https://api.weixin.qq.com/cgi-bin/token?grant_type=client_credential&appid=换你自己的&secret=换你自己的
03:06:46.255 [http-nio-0.0.0.0-8088-exec-29] INFO  c.s.c.u.h.HttpUtils - [sendGet,76] - recv - {"errcode":40013,"errmsg":"invalid appid rid: 683b4536-2a2afdf5-7768b95f"}
03:06:59.269 [schedule-pool-2] INFO  sys-user - [run,55] - [127.0.0.1]内网IP[admin][Success][登录成功]
03:45:50.307 [schedule-pool-3] INFO  sys-user - [run,55] - [127.0.0.1]内网IP[18720989281][Success][登录成功]
03:47:17.421 [http-nio-0.0.0.0-8088-exec-26] INFO  c.s.c.u.h.HttpUtils - [sendGet,63] - sendGet - https://api.weixin.qq.com/cgi-bin/token?grant_type=client_credential&appid=换你自己的&secret=换你自己的
03:47:17.795 [http-nio-0.0.0.0-8088-exec-26] INFO  c.s.c.u.h.HttpUtils - [sendGet,76] - recv - {"errcode":40013,"errmsg":"invalid appid rid: 683b4eb5-338ba593-7753534f"}
03:47:18.217 [http-nio-0.0.0.0-8088-exec-29] INFO  c.s.c.u.h.HttpUtils - [sendGet,63] - sendGet - https://api.weixin.qq.com/cgi-bin/token?grant_type=client_credential&appid=换你自己的&secret=换你自己的
03:47:18.288 [http-nio-0.0.0.0-8088-exec-29] INFO  c.s.c.u.h.HttpUtils - [sendGet,76] - recv - {"errcode":40013,"errmsg":"invalid appid rid: 683b4eb6-0e0b473f-1ae58fe6"}
03:47:23.972 [schedule-pool-2] INFO  sys-user - [run,55] - [127.0.0.1]内网IP[demo][Error][验证码错误]
03:47:29.946 [schedule-pool-4] INFO  sys-user - [run,55] - [127.0.0.1]内网IP[demo][Success][登录成功]
03:47:39.392 [schedule-pool-1] INFO  sys-user - [run,55] - [127.0.0.1]内网IP[demo][Logout][退出成功]
03:47:39.981 [http-nio-0.0.0.0-8088-exec-41] INFO  c.s.c.u.h.HttpUtils - [sendGet,63] - sendGet - https://api.weixin.qq.com/cgi-bin/token?grant_type=client_credential&appid=换你自己的&secret=换你自己的
03:47:40.235 [http-nio-0.0.0.0-8088-exec-41] INFO  c.s.c.u.h.HttpUtils - [sendGet,76] - recv - {"errcode":40013,"errmsg":"invalid appid rid: 683b4ecc-775edb9c-3baa0a69"}
03:47:50.592 [schedule-pool-5] INFO  sys-user - [run,55] - [127.0.0.1]内网IP[admin][Success][登录成功]
03:49:19.014 [SpringApplicationShutdownHook] INFO  o.q.c.QuartzScheduler - [standby,585] - Scheduler RuoyiScheduler_$_MGMMacBook-Pro.local1748714777310 paused.
03:49:19.308 [SpringApplicationShutdownHook] INFO  o.q.c.QuartzScheduler - [shutdown,666] - Scheduler RuoyiScheduler_$_MGMMacBook-Pro.local1748714777310 shutting down.
03:49:19.310 [SpringApplicationShutdownHook] INFO  o.q.c.QuartzScheduler - [standby,585] - Scheduler RuoyiScheduler_$_MGMMacBook-Pro.local1748714777310 paused.
03:49:19.313 [SpringApplicationShutdownHook] INFO  o.q.c.QuartzScheduler - [shutdown,740] - Scheduler RuoyiScheduler_$_MGMMacBook-Pro.local1748714777310 shutdown complete.
03:49:19.314 [SpringApplicationShutdownHook] INFO  sys-user - [shutdownAsyncManager,31] - ====关闭后台任务任务线程池====
03:49:19.325 [SpringApplicationShutdownHook] INFO  c.a.d.p.DruidDataSource - [close,2071] - {dataSource-1} closing ...
03:49:19.371 [SpringApplicationShutdownHook] INFO  c.a.d.p.DruidDataSource - [close,2144] - {dataSource-1} closed
03:49:30.767 [restartedMain] INFO  c.s.RuoYiApplication - [logStarting,55] - Starting RuoYiApplication using Java 1.8.0_442 on MGMMacBook-Pro.local with PID 16241 (/Users/mgm/Desktop/YoLive-main/source-vue-master/source-admin/target/classes started by mgm in /Users/mgm/Desktop/YoLive-main)
03:49:30.772 [restartedMain] INFO  c.s.RuoYiApplication - [logStartupProfileInfo,674] - The following profiles are active: druid
03:49:30.776 [background-preinit] INFO  o.h.v.i.util.Version - [<clinit>,21] - HV000001: Hibernate Validator 6.2.0.Final
03:49:33.461 [restartedMain] INFO  o.a.c.h.Http11NioProtocol - [log,173] - Initializing ProtocolHandler ["http-nio-0.0.0.0-8088"]
03:49:33.462 [restartedMain] INFO  o.a.c.c.StandardService - [log,173] - Starting service [Tomcat]
03:49:33.462 [restartedMain] INFO  o.a.c.c.StandardEngine - [log,173] - Starting Servlet engine: [Apache Tomcat/9.0.56]
03:49:33.522 [restartedMain] INFO  o.a.c.c.C.[.[.[/] - [log,173] - Initializing Spring embedded WebApplicationContext
03:49:35.903 [restartedMain] INFO  c.a.d.p.DruidDataSource - [init,998] - {dataSource-1} inited
03:49:37.722 [restartedMain] INFO  o.q.i.StdSchedulerFactory - [instantiate,1220] - Using default implementation for ThreadExecutor
03:49:37.732 [restartedMain] INFO  o.q.c.SchedulerSignalerImpl - [<init>,61] - Initialized Scheduler Signaller of type: class org.quartz.core.SchedulerSignalerImpl
03:49:37.733 [restartedMain] INFO  o.q.c.QuartzScheduler - [<init>,229] - Quartz Scheduler v.2.3.2 created.
03:49:37.739 [restartedMain] INFO  o.q.c.QuartzScheduler - [initialize,294] - Scheduler meta-data: Quartz Scheduler (v2.3.2) 'RuoyiScheduler' with instanceId 'MGMMacBook-Pro.local1748717377724'
  Scheduler class: 'org.quartz.core.QuartzScheduler' - running locally.
  NOT STARTED.
  Currently in standby mode.
  Number of jobs executed: 0
  Using thread pool 'org.quartz.simpl.SimpleThreadPool' - with 20 threads.
  Using job-store 'org.springframework.scheduling.quartz.LocalDataSourceJobStore' - which supports persistence. and is clustered.

03:49:37.740 [restartedMain] INFO  o.q.i.StdSchedulerFactory - [instantiate,1374] - Quartz scheduler 'RuoyiScheduler' initialized from an externally provided properties instance.
03:49:37.740 [restartedMain] INFO  o.q.i.StdSchedulerFactory - [instantiate,1378] - Quartz scheduler version: 2.3.2
03:49:37.742 [restartedMain] INFO  o.q.c.QuartzScheduler - [setJobFactory,2293] - JobFactory set to: org.springframework.scheduling.quartz.AdaptableJobFactory@4be00305
03:49:40.098 [restartedMain] INFO  o.a.c.h.Http11NioProtocol - [log,173] - Starting ProtocolHandler ["http-nio-0.0.0.0-8088"]
03:49:40.431 [restartedMain] INFO  c.s.RuoYiApplication - [logStarted,61] - Started RuoYiApplication in 10.126 seconds (JVM running for 11.117)
03:49:41.571 [Quartz Scheduler [RuoyiScheduler]] INFO  o.q.c.QuartzScheduler - [start,547] - Scheduler RuoyiScheduler_$_MGMMacBook-Pro.local1748717377724 started.
03:49:43.987 [http-nio-0.0.0.0-8088-exec-1] INFO  o.a.c.c.C.[.[.[/] - [log,173] - Initializing Spring DispatcherServlet 'dispatcherServlet'
03:49:54.175 [schedule-pool-1] INFO  sys-user - [run,55] - [127.0.0.1]内网IP[18720989281][Success][登录成功]
03:50:34.258 [SpringApplicationShutdownHook] INFO  o.q.c.QuartzScheduler - [standby,585] - Scheduler RuoyiScheduler_$_MGMMacBook-Pro.local1748717377724 paused.
03:50:34.332 [SpringApplicationShutdownHook] INFO  o.q.c.QuartzScheduler - [shutdown,666] - Scheduler RuoyiScheduler_$_MGMMacBook-Pro.local1748717377724 shutting down.
03:50:34.334 [SpringApplicationShutdownHook] INFO  o.q.c.QuartzScheduler - [standby,585] - Scheduler RuoyiScheduler_$_MGMMacBook-Pro.local1748717377724 paused.
03:50:34.335 [SpringApplicationShutdownHook] INFO  o.q.c.QuartzScheduler - [shutdown,740] - Scheduler RuoyiScheduler_$_MGMMacBook-Pro.local1748717377724 shutdown complete.
03:50:34.336 [SpringApplicationShutdownHook] INFO  sys-user - [shutdownAsyncManager,31] - ====关闭后台任务任务线程池====
03:50:34.344 [SpringApplicationShutdownHook] INFO  c.a.d.p.DruidDataSource - [close,2071] - {dataSource-1} closing ...
03:50:34.373 [SpringApplicationShutdownHook] INFO  c.a.d.p.DruidDataSource - [close,2144] - {dataSource-1} closed
03:50:42.309 [restartedMain] INFO  c.s.RuoYiApplication - [logStarting,55] - Starting RuoYiApplication using Java 1.8.0_442 on MGMMacBook-Pro.local with PID 16256 (/Users/mgm/Desktop/YoLive-main/source-vue-master/source-admin/target/classes started by mgm in /Users/mgm/Desktop/YoLive-main)
03:50:42.314 [restartedMain] INFO  c.s.RuoYiApplication - [logStartupProfileInfo,674] - The following profiles are active: druid
03:50:42.314 [background-preinit] INFO  o.h.v.i.util.Version - [<clinit>,21] - HV000001: Hibernate Validator 6.2.0.Final
03:50:44.941 [restartedMain] INFO  o.a.c.h.Http11NioProtocol - [log,173] - Initializing ProtocolHandler ["http-nio-0.0.0.0-8088"]
03:50:44.942 [restartedMain] INFO  o.a.c.c.StandardService - [log,173] - Starting service [Tomcat]
03:50:44.943 [restartedMain] INFO  o.a.c.c.StandardEngine - [log,173] - Starting Servlet engine: [Apache Tomcat/9.0.56]
03:50:45.002 [restartedMain] INFO  o.a.c.c.C.[.[.[/] - [log,173] - Initializing Spring embedded WebApplicationContext
03:50:47.227 [restartedMain] INFO  c.a.d.p.DruidDataSource - [init,998] - {dataSource-1} inited
03:50:49.002 [restartedMain] INFO  o.q.i.StdSchedulerFactory - [instantiate,1220] - Using default implementation for ThreadExecutor
03:50:49.013 [restartedMain] INFO  o.q.c.SchedulerSignalerImpl - [<init>,61] - Initialized Scheduler Signaller of type: class org.quartz.core.SchedulerSignalerImpl
03:50:49.014 [restartedMain] INFO  o.q.c.QuartzScheduler - [<init>,229] - Quartz Scheduler v.2.3.2 created.
03:50:49.018 [restartedMain] INFO  o.q.c.QuartzScheduler - [initialize,294] - Scheduler meta-data: Quartz Scheduler (v2.3.2) 'RuoyiScheduler' with instanceId 'MGMMacBook-Pro.local1748717449005'
  Scheduler class: 'org.quartz.core.QuartzScheduler' - running locally.
  NOT STARTED.
  Currently in standby mode.
  Number of jobs executed: 0
  Using thread pool 'org.quartz.simpl.SimpleThreadPool' - with 20 threads.
  Using job-store 'org.springframework.scheduling.quartz.LocalDataSourceJobStore' - which supports persistence. and is clustered.

03:50:49.019 [restartedMain] INFO  o.q.i.StdSchedulerFactory - [instantiate,1374] - Quartz scheduler 'RuoyiScheduler' initialized from an externally provided properties instance.
03:50:49.019 [restartedMain] INFO  o.q.i.StdSchedulerFactory - [instantiate,1378] - Quartz scheduler version: 2.3.2
03:50:49.020 [restartedMain] INFO  o.q.c.QuartzScheduler - [setJobFactory,2293] - JobFactory set to: org.springframework.scheduling.quartz.AdaptableJobFactory@768afdf8
03:50:51.413 [restartedMain] INFO  o.a.c.h.Http11NioProtocol - [log,173] - Starting ProtocolHandler ["http-nio-0.0.0.0-8088"]
03:50:51.773 [restartedMain] INFO  c.s.RuoYiApplication - [logStarted,61] - Started RuoYiApplication in 9.944 seconds (JVM running for 10.761)
03:50:52.806 [Quartz Scheduler [RuoyiScheduler]] INFO  o.q.c.QuartzScheduler - [start,547] - Scheduler RuoyiScheduler_$_MGMMacBook-Pro.local1748717449005 started.
03:51:13.268 [http-nio-0.0.0.0-8088-exec-1] INFO  o.a.c.c.C.[.[.[/] - [log,173] - Initializing Spring DispatcherServlet 'dispatcherServlet'
03:54:55.819 [SpringApplicationShutdownHook] INFO  o.q.c.QuartzScheduler - [standby,585] - Scheduler RuoyiScheduler_$_MGMMacBook-Pro.local1748717449005 paused.
03:54:55.997 [SpringApplicationShutdownHook] INFO  o.q.c.QuartzScheduler - [shutdown,666] - Scheduler RuoyiScheduler_$_MGMMacBook-Pro.local1748717449005 shutting down.
03:54:56.001 [SpringApplicationShutdownHook] INFO  o.q.c.QuartzScheduler - [standby,585] - Scheduler RuoyiScheduler_$_MGMMacBook-Pro.local1748717449005 paused.
03:54:56.008 [SpringApplicationShutdownHook] INFO  o.q.c.QuartzScheduler - [shutdown,740] - Scheduler RuoyiScheduler_$_MGMMacBook-Pro.local1748717449005 shutdown complete.
03:54:56.010 [SpringApplicationShutdownHook] INFO  sys-user - [shutdownAsyncManager,31] - ====关闭后台任务任务线程池====
03:54:56.040 [SpringApplicationShutdownHook] INFO  c.a.d.p.DruidDataSource - [close,2071] - {dataSource-1} closing ...
03:54:56.063 [SpringApplicationShutdownHook] INFO  c.a.d.p.DruidDataSource - [close,2144] - {dataSource-1} closed
03:55:38.188 [restartedMain] INFO  c.s.RuoYiApplication - [logStarting,55] - Starting RuoYiApplication using Java 1.8.0_442 on MGMMacBook-Pro.local with PID 17158 (/Users/mgm/Desktop/YoLive-main/source-vue-master/source-admin/target/classes started by mgm in /Users/mgm/Desktop/YoLive-main)
03:55:38.191 [restartedMain] INFO  c.s.RuoYiApplication - [logStartupProfileInfo,674] - The following profiles are active: druid
03:55:38.196 [background-preinit] INFO  o.h.v.i.util.Version - [<clinit>,21] - HV000001: Hibernate Validator 6.2.0.Final
03:55:40.968 [restartedMain] INFO  o.a.c.h.Http11NioProtocol - [log,173] - Initializing ProtocolHandler ["http-nio-0.0.0.0-8088"]
03:55:40.970 [restartedMain] INFO  o.a.c.c.StandardService - [log,173] - Starting service [Tomcat]
03:55:40.970 [restartedMain] INFO  o.a.c.c.StandardEngine - [log,173] - Starting Servlet engine: [Apache Tomcat/9.0.56]
03:55:41.033 [restartedMain] INFO  o.a.c.c.C.[.[.[/] - [log,173] - Initializing Spring embedded WebApplicationContext
03:55:43.051 [restartedMain] INFO  c.a.d.p.DruidDataSource - [init,998] - {dataSource-1} inited
03:55:44.657 [restartedMain] INFO  o.q.i.StdSchedulerFactory - [instantiate,1220] - Using default implementation for ThreadExecutor
03:55:44.666 [restartedMain] INFO  o.q.c.SchedulerSignalerImpl - [<init>,61] - Initialized Scheduler Signaller of type: class org.quartz.core.SchedulerSignalerImpl
03:55:44.667 [restartedMain] INFO  o.q.c.QuartzScheduler - [<init>,229] - Quartz Scheduler v.2.3.2 created.
03:55:44.671 [restartedMain] INFO  o.q.c.QuartzScheduler - [initialize,294] - Scheduler meta-data: Quartz Scheduler (v2.3.2) 'RuoyiScheduler' with instanceId 'MGMMacBook-Pro.local1748717744659'
  Scheduler class: 'org.quartz.core.QuartzScheduler' - running locally.
  NOT STARTED.
  Currently in standby mode.
  Number of jobs executed: 0
  Using thread pool 'org.quartz.simpl.SimpleThreadPool' - with 20 threads.
  Using job-store 'org.springframework.scheduling.quartz.LocalDataSourceJobStore' - which supports persistence. and is clustered.

03:55:44.672 [restartedMain] INFO  o.q.i.StdSchedulerFactory - [instantiate,1374] - Quartz scheduler 'RuoyiScheduler' initialized from an externally provided properties instance.
03:55:44.672 [restartedMain] INFO  o.q.i.StdSchedulerFactory - [instantiate,1378] - Quartz scheduler version: 2.3.2
03:55:44.673 [restartedMain] INFO  o.q.c.QuartzScheduler - [setJobFactory,2293] - JobFactory set to: org.springframework.scheduling.quartz.AdaptableJobFactory@5c2ca739
03:55:46.965 [restartedMain] INFO  o.a.c.h.Http11NioProtocol - [log,173] - Starting ProtocolHandler ["http-nio-0.0.0.0-8088"]
03:55:47.305 [restartedMain] INFO  c.s.RuoYiApplication - [logStarted,61] - Started RuoYiApplication in 9.835 seconds (JVM running for 11.077)
03:55:48.362 [Quartz Scheduler [RuoyiScheduler]] INFO  o.q.c.QuartzScheduler - [start,547] - Scheduler RuoyiScheduler_$_MGMMacBook-Pro.local1748717744659 started.
03:56:03.886 [http-nio-0.0.0.0-8088-exec-2] INFO  o.a.c.c.C.[.[.[/] - [log,173] - Initializing Spring DispatcherServlet 'dispatcherServlet'
04:01:11.213 [schedule-pool-1] INFO  sys-user - [run,55] - [127.0.0.1]内网IP[18720989281][Success][登录成功]
04:01:11.638 [schedule-pool-1] INFO  sys-user - [run,55] - [127.0.0.1]内网IP[18720989281][Success][登录成功]
04:02:58.889 [http-nio-0.0.0.0-8088-exec-70] INFO  c.s.c.u.h.HttpUtils - [sendGet,63] - sendGet - https://api.weixin.qq.com/cgi-bin/token?grant_type=client_credential&appid=换你自己的&secret=换你自己的
04:02:59.666 [http-nio-0.0.0.0-8088-exec-70] INFO  c.s.c.u.h.HttpUtils - [sendGet,76] - recv - {"errcode":40013,"errmsg":"invalid appid rid: 683b5263-3108aef3-109235b8"}
04:03:12.553 [schedule-pool-2] INFO  sys-user - [run,55] - [127.0.0.1]内网IP[admin][Success][登录成功]
04:03:20.092 [SpringApplicationShutdownHook] INFO  o.q.c.QuartzScheduler - [standby,585] - Scheduler RuoyiScheduler_$_MGMMacBook-Pro.local1748717744659 paused.
04:03:20.183 [SpringApplicationShutdownHook] INFO  o.q.c.QuartzScheduler - [shutdown,666] - Scheduler RuoyiScheduler_$_MGMMacBook-Pro.local1748717744659 shutting down.
04:03:20.184 [SpringApplicationShutdownHook] INFO  o.q.c.QuartzScheduler - [standby,585] - Scheduler RuoyiScheduler_$_MGMMacBook-Pro.local1748717744659 paused.
04:03:20.186 [SpringApplicationShutdownHook] INFO  o.q.c.QuartzScheduler - [shutdown,740] - Scheduler RuoyiScheduler_$_MGMMacBook-Pro.local1748717744659 shutdown complete.
04:03:20.186 [SpringApplicationShutdownHook] INFO  sys-user - [shutdownAsyncManager,31] - ====关闭后台任务任务线程池====
04:03:20.195 [SpringApplicationShutdownHook] INFO  c.a.d.p.DruidDataSource - [close,2071] - {dataSource-1} closing ...
04:03:20.206 [SpringApplicationShutdownHook] INFO  c.a.d.p.DruidDataSource - [close,2144] - {dataSource-1} closed
04:03:30.542 [background-preinit] INFO  o.h.v.i.util.Version - [<clinit>,21] - HV000001: Hibernate Validator 6.2.0.Final
04:03:30.544 [restartedMain] INFO  c.s.RuoYiApplication - [logStarting,55] - Starting RuoYiApplication using Java 1.8.0_442 on MGMMacBook-Pro.local with PID 18408 (/Users/mgm/Desktop/YoLive-main/source-vue-master/source-admin/target/classes started by mgm in /Users/mgm/Desktop/YoLive-main)
04:03:30.549 [restartedMain] INFO  c.s.RuoYiApplication - [logStartupProfileInfo,674] - The following profiles are active: druid
04:03:34.045 [restartedMain] INFO  o.a.c.h.Http11NioProtocol - [log,173] - Initializing ProtocolHandler ["http-nio-0.0.0.0-8088"]
04:03:34.046 [restartedMain] INFO  o.a.c.c.StandardService - [log,173] - Starting service [Tomcat]
04:03:34.047 [restartedMain] INFO  o.a.c.c.StandardEngine - [log,173] - Starting Servlet engine: [Apache Tomcat/9.0.56]
04:03:34.111 [restartedMain] INFO  o.a.c.c.C.[.[.[/] - [log,173] - Initializing Spring embedded WebApplicationContext
04:03:36.132 [restartedMain] INFO  c.a.d.p.DruidDataSource - [init,998] - {dataSource-1} inited
04:03:37.723 [restartedMain] INFO  o.q.i.StdSchedulerFactory - [instantiate,1220] - Using default implementation for ThreadExecutor
04:03:37.731 [restartedMain] INFO  o.q.c.SchedulerSignalerImpl - [<init>,61] - Initialized Scheduler Signaller of type: class org.quartz.core.SchedulerSignalerImpl
04:03:37.732 [restartedMain] INFO  o.q.c.QuartzScheduler - [<init>,229] - Quartz Scheduler v.2.3.2 created.
04:03:37.737 [restartedMain] INFO  o.q.c.QuartzScheduler - [initialize,294] - Scheduler meta-data: Quartz Scheduler (v2.3.2) 'RuoyiScheduler' with instanceId 'MGMMacBook-Pro.local1748718217725'
  Scheduler class: 'org.quartz.core.QuartzScheduler' - running locally.
  NOT STARTED.
  Currently in standby mode.
  Number of jobs executed: 0
  Using thread pool 'org.quartz.simpl.SimpleThreadPool' - with 20 threads.
  Using job-store 'org.springframework.scheduling.quartz.LocalDataSourceJobStore' - which supports persistence. and is clustered.

04:03:37.738 [restartedMain] INFO  o.q.i.StdSchedulerFactory - [instantiate,1374] - Quartz scheduler 'RuoyiScheduler' initialized from an externally provided properties instance.
04:03:37.738 [restartedMain] INFO  o.q.i.StdSchedulerFactory - [instantiate,1378] - Quartz scheduler version: 2.3.2
04:03:37.739 [restartedMain] INFO  o.q.c.QuartzScheduler - [setJobFactory,2293] - JobFactory set to: org.springframework.scheduling.quartz.AdaptableJobFactory@22750b1a
04:03:40.042 [restartedMain] INFO  o.a.c.h.Http11NioProtocol - [log,173] - Starting ProtocolHandler ["http-nio-0.0.0.0-8088"]
04:03:40.372 [restartedMain] INFO  c.s.RuoYiApplication - [logStarted,61] - Started RuoYiApplication in 10.622 seconds (JVM running for 11.738)
04:03:41.417 [Quartz Scheduler [RuoyiScheduler]] INFO  o.q.c.QuartzScheduler - [start,547] - Scheduler RuoyiScheduler_$_MGMMacBook-Pro.local1748718217725 started.
04:03:45.716 [http-nio-0.0.0.0-8088-exec-1] INFO  o.a.c.c.C.[.[.[/] - [log,173] - Initializing Spring DispatcherServlet 'dispatcherServlet'
04:05:00.220 [SpringApplicationShutdownHook] INFO  o.q.c.QuartzScheduler - [standby,585] - Scheduler RuoyiScheduler_$_MGMMacBook-Pro.local1748718217725 paused.
04:05:00.300 [SpringApplicationShutdownHook] INFO  o.q.c.QuartzScheduler - [shutdown,666] - Scheduler RuoyiScheduler_$_MGMMacBook-Pro.local1748718217725 shutting down.
04:05:00.302 [SpringApplicationShutdownHook] INFO  o.q.c.QuartzScheduler - [standby,585] - Scheduler RuoyiScheduler_$_MGMMacBook-Pro.local1748718217725 paused.
04:05:00.303 [SpringApplicationShutdownHook] INFO  o.q.c.QuartzScheduler - [shutdown,740] - Scheduler RuoyiScheduler_$_MGMMacBook-Pro.local1748718217725 shutdown complete.
04:05:00.304 [SpringApplicationShutdownHook] INFO  sys-user - [shutdownAsyncManager,31] - ====关闭后台任务任务线程池====
04:05:00.318 [SpringApplicationShutdownHook] INFO  c.a.d.p.DruidDataSource - [close,2071] - {dataSource-1} closing ...
04:05:00.347 [SpringApplicationShutdownHook] INFO  c.a.d.p.DruidDataSource - [close,2144] - {dataSource-1} closed
04:08:02.776 [restartedMain] INFO  c.s.RuoYiApplication - [logStarting,55] - Starting RuoYiApplication using Java 1.8.0_442 on MGMMacBook-Pro.local with PID 2453 (/Users/mgm/Desktop/YoLive-main/source-vue-master/source-admin/target/classes started by mgm in /Users/mgm/Desktop/YoLive-main)
04:08:02.781 [background-preinit] INFO  o.h.v.i.util.Version - [<clinit>,21] - HV000001: Hibernate Validator 6.2.0.Final
04:08:02.782 [restartedMain] INFO  c.s.RuoYiApplication - [logStartupProfileInfo,674] - The following profiles are active: druid
04:08:05.612 [restartedMain] INFO  o.a.c.h.Http11NioProtocol - [log,173] - Initializing ProtocolHandler ["http-nio-0.0.0.0-8088"]
04:08:05.613 [restartedMain] INFO  o.a.c.c.StandardService - [log,173] - Starting service [Tomcat]
04:08:05.614 [restartedMain] INFO  o.a.c.c.StandardEngine - [log,173] - Starting Servlet engine: [Apache Tomcat/9.0.56]
04:08:05.677 [restartedMain] INFO  o.a.c.c.C.[.[.[/] - [log,173] - Initializing Spring embedded WebApplicationContext
04:08:07.771 [restartedMain] INFO  c.a.d.p.DruidDataSource - [init,998] - {dataSource-1} inited
04:08:09.295 [restartedMain] INFO  o.q.i.StdSchedulerFactory - [instantiate,1220] - Using default implementation for ThreadExecutor
04:08:09.303 [restartedMain] INFO  o.q.c.SchedulerSignalerImpl - [<init>,61] - Initialized Scheduler Signaller of type: class org.quartz.core.SchedulerSignalerImpl
04:08:09.303 [restartedMain] INFO  o.q.c.QuartzScheduler - [<init>,229] - Quartz Scheduler v.2.3.2 created.
04:08:09.307 [restartedMain] INFO  o.q.c.QuartzScheduler - [initialize,294] - Scheduler meta-data: Quartz Scheduler (v2.3.2) 'RuoyiScheduler' with instanceId 'MGMMacBook-Pro.local1748718489296'
  Scheduler class: 'org.quartz.core.QuartzScheduler' - running locally.
  NOT STARTED.
  Currently in standby mode.
  Number of jobs executed: 0
  Using thread pool 'org.quartz.simpl.SimpleThreadPool' - with 20 threads.
  Using job-store 'org.springframework.scheduling.quartz.LocalDataSourceJobStore' - which supports persistence. and is clustered.

04:08:09.308 [restartedMain] INFO  o.q.i.StdSchedulerFactory - [instantiate,1374] - Quartz scheduler 'RuoyiScheduler' initialized from an externally provided properties instance.
04:08:09.309 [restartedMain] INFO  o.q.i.StdSchedulerFactory - [instantiate,1378] - Quartz scheduler version: 2.3.2
04:08:09.310 [restartedMain] INFO  o.q.c.QuartzScheduler - [setJobFactory,2293] - JobFactory set to: org.springframework.scheduling.quartz.AdaptableJobFactory@57090039
04:08:11.663 [restartedMain] INFO  o.a.c.h.Http11NioProtocol - [log,173] - Starting ProtocolHandler ["http-nio-0.0.0.0-8088"]
04:08:12.003 [restartedMain] INFO  c.s.RuoYiApplication - [logStarted,61] - Started RuoYiApplication in 9.865 seconds (JVM running for 10.976)
04:08:13.026 [Quartz Scheduler [RuoyiScheduler]] INFO  o.q.c.QuartzScheduler - [start,547] - Scheduler RuoyiScheduler_$_MGMMacBook-Pro.local1748718489296 started.
04:08:18.140 [http-nio-0.0.0.0-8088-exec-2] INFO  o.a.c.c.C.[.[.[/] - [log,173] - Initializing Spring DispatcherServlet 'dispatcherServlet'
04:10:42.188 [http-nio-0.0.0.0-8088-exec-12] INFO  c.s.c.u.h.HttpUtils - [sendGet,63] - sendGet - https://api.weixin.qq.com/cgi-bin/token?grant_type=client_credential&appid=换你自己的&secret=换你自己的
04:10:42.912 [http-nio-0.0.0.0-8088-exec-12] INFO  c.s.c.u.h.HttpUtils - [sendGet,76] - recv - {"errcode":40013,"errmsg":"invalid appid rid: 683b5432-5d7b5f3d-01a67dd6"}
04:10:50.838 [schedule-pool-1] INFO  sys-user - [run,55] - [127.0.0.1]内网IP[admin][Error][验证码错误]
04:10:53.753 [schedule-pool-1] INFO  sys-user - [run,55] - [127.0.0.1]内网IP[admin][Success][登录成功]
04:18:48.501 [SpringApplicationShutdownHook] INFO  o.q.c.QuartzScheduler - [standby,585] - Scheduler RuoyiScheduler_$_MGMMacBook-Pro.local1748718489296 paused.
04:18:48.570 [SpringApplicationShutdownHook] INFO  o.q.c.QuartzScheduler - [shutdown,666] - Scheduler RuoyiScheduler_$_MGMMacBook-Pro.local1748718489296 shutting down.
04:18:48.571 [SpringApplicationShutdownHook] INFO  o.q.c.QuartzScheduler - [standby,585] - Scheduler RuoyiScheduler_$_MGMMacBook-Pro.local1748718489296 paused.
04:18:48.573 [SpringApplicationShutdownHook] INFO  o.q.c.QuartzScheduler - [shutdown,740] - Scheduler RuoyiScheduler_$_MGMMacBook-Pro.local1748718489296 shutdown complete.
04:18:48.573 [SpringApplicationShutdownHook] INFO  sys-user - [shutdownAsyncManager,31] - ====关闭后台任务任务线程池====
04:18:48.579 [SpringApplicationShutdownHook] INFO  c.a.d.p.DruidDataSource - [close,2071] - {dataSource-1} closing ...
04:18:48.599 [SpringApplicationShutdownHook] INFO  c.a.d.p.DruidDataSource - [close,2144] - {dataSource-1} closed
04:48:43.081 [background-preinit] INFO  o.h.v.i.util.Version - [<clinit>,21] - HV000001: Hibernate Validator 6.2.0.Final
04:48:43.082 [restartedMain] INFO  c.s.RuoYiApplication - [logStarting,55] - Starting RuoYiApplication using Java 1.8.0_442 on MGMMacBook-Pro.local with PID 5368 (/Users/mgm/Desktop/YoLive-main/source-vue-master/source-admin/target/classes started by mgm in /Users/mgm/Desktop/YoLive-main)
04:48:43.084 [restartedMain] INFO  c.s.RuoYiApplication - [logStartupProfileInfo,674] - The following profiles are active: druid
04:48:46.380 [restartedMain] INFO  o.a.c.h.Http11NioProtocol - [log,173] - Initializing ProtocolHandler ["http-nio-0.0.0.0-8088"]
04:48:46.383 [restartedMain] INFO  o.a.c.c.StandardService - [log,173] - Starting service [Tomcat]
04:48:46.383 [restartedMain] INFO  o.a.c.c.StandardEngine - [log,173] - Starting Servlet engine: [Apache Tomcat/9.0.56]
04:48:46.458 [restartedMain] INFO  o.a.c.c.C.[.[.[/] - [log,173] - Initializing Spring embedded WebApplicationContext
04:48:48.910 [restartedMain] INFO  c.a.d.p.DruidDataSource - [init,998] - {dataSource-1} inited
04:48:50.590 [restartedMain] INFO  o.q.i.StdSchedulerFactory - [instantiate,1220] - Using default implementation for ThreadExecutor
04:48:50.603 [restartedMain] INFO  o.q.c.SchedulerSignalerImpl - [<init>,61] - Initialized Scheduler Signaller of type: class org.quartz.core.SchedulerSignalerImpl
04:48:50.604 [restartedMain] INFO  o.q.c.QuartzScheduler - [<init>,229] - Quartz Scheduler v.2.3.2 created.
04:48:50.610 [restartedMain] INFO  o.q.c.QuartzScheduler - [initialize,294] - Scheduler meta-data: Quartz Scheduler (v2.3.2) 'RuoyiScheduler' with instanceId 'MGMMacBook-Pro.local1748720930592'
  Scheduler class: 'org.quartz.core.QuartzScheduler' - running locally.
  NOT STARTED.
  Currently in standby mode.
  Number of jobs executed: 0
  Using thread pool 'org.quartz.simpl.SimpleThreadPool' - with 20 threads.
  Using job-store 'org.springframework.scheduling.quartz.LocalDataSourceJobStore' - which supports persistence. and is clustered.

04:48:50.611 [restartedMain] INFO  o.q.i.StdSchedulerFactory - [instantiate,1374] - Quartz scheduler 'RuoyiScheduler' initialized from an externally provided properties instance.
04:48:50.611 [restartedMain] INFO  o.q.i.StdSchedulerFactory - [instantiate,1378] - Quartz scheduler version: 2.3.2
04:48:50.613 [restartedMain] INFO  o.q.c.QuartzScheduler - [setJobFactory,2293] - JobFactory set to: org.springframework.scheduling.quartz.AdaptableJobFactory@46421b9e
04:48:53.198 [restartedMain] INFO  o.a.c.h.Http11NioProtocol - [log,173] - Starting ProtocolHandler ["http-nio-0.0.0.0-8088"]
04:48:53.526 [restartedMain] INFO  c.s.RuoYiApplication - [logStarted,61] - Started RuoYiApplication in 11.011 seconds (JVM running for 12.012)
04:48:54.562 [Quartz Scheduler [RuoyiScheduler]] INFO  o.q.c.QuartzScheduler - [start,547] - Scheduler RuoyiScheduler_$_MGMMacBook-Pro.local1748720930592 started.
04:49:03.126 [http-nio-0.0.0.0-8088-exec-1] INFO  o.a.c.c.C.[.[.[/] - [log,173] - Initializing Spring DispatcherServlet 'dispatcherServlet'
04:49:34.143 [SpringApplicationShutdownHook] INFO  o.q.c.QuartzScheduler - [standby,585] - Scheduler RuoyiScheduler_$_MGMMacBook-Pro.local1748720930592 paused.
04:49:34.198 [SpringApplicationShutdownHook] INFO  o.q.c.QuartzScheduler - [shutdown,666] - Scheduler RuoyiScheduler_$_MGMMacBook-Pro.local1748720930592 shutting down.
04:49:34.199 [SpringApplicationShutdownHook] INFO  o.q.c.QuartzScheduler - [standby,585] - Scheduler RuoyiScheduler_$_MGMMacBook-Pro.local1748720930592 paused.
04:49:34.201 [SpringApplicationShutdownHook] INFO  o.q.c.QuartzScheduler - [shutdown,740] - Scheduler RuoyiScheduler_$_MGMMacBook-Pro.local1748720930592 shutdown complete.
04:49:34.201 [SpringApplicationShutdownHook] INFO  sys-user - [shutdownAsyncManager,31] - ====关闭后台任务任务线程池====
04:49:34.215 [SpringApplicationShutdownHook] INFO  c.a.d.p.DruidDataSource - [close,2071] - {dataSource-1} closing ...
04:49:34.229 [SpringApplicationShutdownHook] INFO  c.a.d.p.DruidDataSource - [close,2144] - {dataSource-1} closed
16:45:30.257 [restartedMain] INFO  c.s.RuoYiApplication - [logStarting,55] - Starting RuoYiApplication using Java 1.8.0_442 on MGMMacBook-Pro.local with PID 6152 (/Users/mgm/Desktop/YoLive-main/source-vue-master/source-admin/target/classes started by mgm in /Users/mgm/Desktop/YoLive-main)
16:45:30.263 [restartedMain] INFO  c.s.RuoYiApplication - [logStartupProfileInfo,674] - The following profiles are active: druid
16:45:30.267 [background-preinit] INFO  o.h.v.i.util.Version - [<clinit>,21] - HV000001: Hibernate Validator 6.2.0.Final
16:45:32.969 [restartedMain] INFO  o.a.c.h.Http11NioProtocol - [log,173] - Initializing ProtocolHandler ["http-nio-0.0.0.0-8088"]
16:45:32.970 [restartedMain] INFO  o.a.c.c.StandardService - [log,173] - Starting service [Tomcat]
16:45:32.970 [restartedMain] INFO  o.a.c.c.StandardEngine - [log,173] - Starting Servlet engine: [Apache Tomcat/9.0.56]
16:45:33.032 [restartedMain] INFO  o.a.c.c.C.[.[.[/] - [log,173] - Initializing Spring embedded WebApplicationContext
16:45:35.119 [restartedMain] INFO  c.a.d.p.DruidDataSource - [init,998] - {dataSource-1} inited
16:45:36.697 [restartedMain] INFO  o.q.i.StdSchedulerFactory - [instantiate,1220] - Using default implementation for ThreadExecutor
16:45:36.708 [restartedMain] INFO  o.q.c.SchedulerSignalerImpl - [<init>,61] - Initialized Scheduler Signaller of type: class org.quartz.core.SchedulerSignalerImpl
16:45:36.708 [restartedMain] INFO  o.q.c.QuartzScheduler - [<init>,229] - Quartz Scheduler v.2.3.2 created.
16:45:36.712 [restartedMain] INFO  o.q.c.QuartzScheduler - [initialize,294] - Scheduler meta-data: Quartz Scheduler (v2.3.2) 'RuoyiScheduler' with instanceId 'MGMMacBook-Pro.local1748763936700'
  Scheduler class: 'org.quartz.core.QuartzScheduler' - running locally.
  NOT STARTED.
  Currently in standby mode.
  Number of jobs executed: 0
  Using thread pool 'org.quartz.simpl.SimpleThreadPool' - with 20 threads.
  Using job-store 'org.springframework.scheduling.quartz.LocalDataSourceJobStore' - which supports persistence. and is clustered.

16:45:36.713 [restartedMain] INFO  o.q.i.StdSchedulerFactory - [instantiate,1374] - Quartz scheduler 'RuoyiScheduler' initialized from an externally provided properties instance.
16:45:36.714 [restartedMain] INFO  o.q.i.StdSchedulerFactory - [instantiate,1378] - Quartz scheduler version: 2.3.2
16:45:36.714 [restartedMain] INFO  o.q.c.QuartzScheduler - [setJobFactory,2293] - JobFactory set to: org.springframework.scheduling.quartz.AdaptableJobFactory@42886f2
16:45:38.881 [restartedMain] INFO  o.a.c.h.Http11NioProtocol - [log,173] - Starting ProtocolHandler ["http-nio-0.0.0.0-8088"]
16:45:39.197 [restartedMain] INFO  c.s.RuoYiApplication - [logStarted,61] - Started RuoYiApplication in 9.411 seconds (JVM running for 10.493)
16:45:40.215 [Quartz Scheduler [RuoyiScheduler]] INFO  o.q.c.QuartzScheduler - [start,547] - Scheduler RuoyiScheduler_$_MGMMacBook-Pro.local1748763936700 started.
16:46:40.194 [http-nio-0.0.0.0-8088-exec-1] INFO  o.a.c.c.C.[.[.[/] - [log,173] - Initializing Spring DispatcherServlet 'dispatcherServlet'
16:46:40.441 [http-nio-0.0.0.0-8088-exec-2] INFO  c.s.c.u.h.HttpUtils - [sendGet,63] - sendGet - https://api.weixin.qq.com/cgi-bin/token?grant_type=client_credential&appid=换你自己的&secret=换你自己的
16:46:41.106 [http-nio-0.0.0.0-8088-exec-2] INFO  c.s.c.u.h.HttpUtils - [sendGet,76] - recv - {"errcode":40013,"errmsg":"invalid appid rid: 683c0561-652b9bdc-08e03871"}
16:46:48.523 [schedule-pool-1] INFO  sys-user - [run,55] - [127.0.0.1]内网IP[admin][Success][登录成功]
17:22:07.949 [SpringApplicationShutdownHook] INFO  o.q.c.QuartzScheduler - [standby,585] - Scheduler RuoyiScheduler_$_MGMMacBook-Pro.local1748763936700 paused.
17:22:08.061 [SpringApplicationShutdownHook] INFO  o.q.c.QuartzScheduler - [shutdown,666] - Scheduler RuoyiScheduler_$_MGMMacBook-Pro.local1748763936700 shutting down.
17:22:08.063 [SpringApplicationShutdownHook] INFO  o.q.c.QuartzScheduler - [standby,585] - Scheduler RuoyiScheduler_$_MGMMacBook-Pro.local1748763936700 paused.
17:22:08.064 [SpringApplicationShutdownHook] INFO  o.q.c.QuartzScheduler - [shutdown,740] - Scheduler RuoyiScheduler_$_MGMMacBook-Pro.local1748763936700 shutdown complete.
17:22:08.065 [SpringApplicationShutdownHook] INFO  sys-user - [shutdownAsyncManager,31] - ====关闭后台任务任务线程池====
17:22:08.072 [SpringApplicationShutdownHook] INFO  c.a.d.p.DruidDataSource - [close,2071] - {dataSource-1} closing ...
17:22:08.089 [SpringApplicationShutdownHook] INFO  c.a.d.p.DruidDataSource - [close,2144] - {dataSource-1} closed
