02:06:36.656 [background-preinit] INFO  o.h.v.i.util.Version - [<clinit>,21] - HV000001: Hibernate Validator 6.2.0.Final
02:06:36.654 [restartedMain] INFO  c.s.RuoYiApplication - [logStarting,55] - Starting RuoYiApplication using Java 1.8.0_442 on MGMMacBook-Pro.local with PID 36011 (/Users/mgm/Desktop/YoLive-main/source-vue-master/source-admin/target/classes started by mgm in /Users/mgm/Desktop/YoLive-main)
02:06:36.666 [restartedMain] INFO  c.s.RuoYiApplication - [logStartupProfileInfo,674] - The following profiles are active: druid
02:06:39.878 [restartedMain] INFO  o.a.c.h.Http11NioProtocol - [log,173] - Initializing ProtocolHandler ["http-nio-0.0.0.0-8088"]
02:06:39.880 [restartedMain] INFO  o.a.c.c.StandardService - [log,173] - Starting service [Tomcat]
02:06:39.880 [restartedMain] INFO  o.a.c.c.StandardEngine - [log,173] - Starting Servlet engine: [Apache Tomcat/9.0.56]
02:06:39.954 [restartedMain] INFO  o.a.c.c.C.[.[.[/] - [log,173] - Initializing Spring embedded WebApplicationContext
02:06:41.455 [restartedMain] INFO  c.a.d.p.DruidDataSource - [init,998] - {dataSource-1} inited
02:06:41.511 [restartedMain] INFO  o.h.j.i.u.LogHelper - [logPersistenceUnitInformation,31] - HHH000204: Processing PersistenceUnitInfo [name: default]
02:06:41.548 [restartedMain] INFO  o.hibernate.Version - [logVersion,44] - HHH000412: Hibernate ORM core version 5.4.33
02:06:41.645 [restartedMain] INFO  o.h.a.common.Version - [<clinit>,56] - HCANN000001: Hibernate Commons Annotations {5.1.2.Final}
02:06:41.780 [restartedMain] INFO  o.h.dialect.Dialect - [<init>,175] - HHH000400: Using dialect: org.hibernate.dialect.MySQL8Dialect
02:06:42.491 [restartedMain] INFO  o.h.e.t.j.p.i.JtaPlatformInitiator - [initiateService,52] - HHH000490: Using JtaPlatform implementation: [org.hibernate.engine.transaction.jta.platform.internal.NoJtaPlatform]
02:06:45.082 [restartedMain] INFO  o.q.i.StdSchedulerFactory - [instantiate,1220] - Using default implementation for ThreadExecutor
02:06:45.090 [restartedMain] INFO  o.q.c.SchedulerSignalerImpl - [<init>,61] - Initialized Scheduler Signaller of type: class org.quartz.core.SchedulerSignalerImpl
02:06:45.090 [restartedMain] INFO  o.q.c.QuartzScheduler - [<init>,229] - Quartz Scheduler v.2.3.2 created.
02:06:45.102 [restartedMain] INFO  o.q.c.QuartzScheduler - [initialize,294] - Scheduler meta-data: Quartz Scheduler (v2.3.2) 'RuoyiScheduler' with instanceId 'MGMMacBook-Pro.local1747933605083'
  Scheduler class: 'org.quartz.core.QuartzScheduler' - running locally.
  NOT STARTED.
  Currently in standby mode.
  Number of jobs executed: 0
  Using thread pool 'org.quartz.simpl.SimpleThreadPool' - with 20 threads.
  Using job-store 'org.springframework.scheduling.quartz.LocalDataSourceJobStore' - which supports persistence. and is clustered.

02:06:45.103 [restartedMain] INFO  o.q.i.StdSchedulerFactory - [instantiate,1374] - Quartz scheduler 'RuoyiScheduler' initialized from an externally provided properties instance.
02:06:45.103 [restartedMain] INFO  o.q.i.StdSchedulerFactory - [instantiate,1378] - Quartz scheduler version: 2.3.2
02:06:45.105 [restartedMain] INFO  o.q.c.QuartzScheduler - [setJobFactory,2293] - JobFactory set to: org.springframework.scheduling.quartz.AdaptableJobFactory@4928a302
02:06:47.538 [restartedMain] INFO  o.a.c.h.Http11NioProtocol - [log,173] - Starting ProtocolHandler ["http-nio-0.0.0.0-8088"]
02:06:47.934 [restartedMain] INFO  c.s.RuoYiApplication - [logStarted,61] - Started RuoYiApplication in 11.862 seconds (JVM running for 12.78)
02:06:48.985 [Quartz Scheduler [RuoyiScheduler]] INFO  o.q.c.QuartzScheduler - [start,547] - Scheduler RuoyiScheduler_$_MGMMacBook-Pro.local1747933605083 started.
02:11:13.343 [http-nio-0.0.0.0-8088-exec-1] INFO  o.a.c.c.C.[.[.[/] - [log,173] - Initializing Spring DispatcherServlet 'dispatcherServlet'
02:23:17.145 [SpringApplicationShutdownHook] INFO  o.q.c.QuartzScheduler - [standby,585] - Scheduler RuoyiScheduler_$_MGMMacBook-Pro.local1747933605083 paused.
02:23:17.369 [SpringApplicationShutdownHook] INFO  o.q.c.QuartzScheduler - [shutdown,666] - Scheduler RuoyiScheduler_$_MGMMacBook-Pro.local1747933605083 shutting down.
02:23:17.375 [SpringApplicationShutdownHook] INFO  o.q.c.QuartzScheduler - [standby,585] - Scheduler RuoyiScheduler_$_MGMMacBook-Pro.local1747933605083 paused.
02:23:17.379 [SpringApplicationShutdownHook] INFO  o.q.c.QuartzScheduler - [shutdown,740] - Scheduler RuoyiScheduler_$_MGMMacBook-Pro.local1747933605083 shutdown complete.
02:23:17.381 [SpringApplicationShutdownHook] INFO  sys-user - [shutdownAsyncManager,31] - ====关闭后台任务任务线程池====
02:23:17.453 [SpringApplicationShutdownHook] INFO  c.a.d.p.DruidDataSource - [close,2071] - {dataSource-1} closing ...
02:23:17.484 [SpringApplicationShutdownHook] INFO  c.a.d.p.DruidDataSource - [close,2144] - {dataSource-1} closed
02:23:27.628 [restartedMain] INFO  c.s.RuoYiApplication - [logStarting,55] - Starting RuoYiApplication using Java 1.8.0_442 on MGMMacBook-Pro.local with PID 36360 (/Users/mgm/Desktop/YoLive-main/source-vue-master/source-admin/target/classes started by mgm in /Users/mgm/Desktop/YoLive-main)
02:23:27.636 [background-preinit] INFO  o.h.v.i.util.Version - [<clinit>,21] - HV000001: Hibernate Validator 6.2.0.Final
02:23:27.637 [restartedMain] INFO  c.s.RuoYiApplication - [logStartupProfileInfo,674] - The following profiles are active: druid
02:23:30.693 [restartedMain] INFO  o.a.c.h.Http11NioProtocol - [log,173] - Initializing ProtocolHandler ["http-nio-0.0.0.0-8088"]
02:23:30.695 [restartedMain] INFO  o.a.c.c.StandardService - [log,173] - Starting service [Tomcat]
02:23:30.695 [restartedMain] INFO  o.a.c.c.StandardEngine - [log,173] - Starting Servlet engine: [Apache Tomcat/9.0.56]
02:23:30.760 [restartedMain] INFO  o.a.c.c.C.[.[.[/] - [log,173] - Initializing Spring embedded WebApplicationContext
02:23:32.443 [restartedMain] INFO  c.a.d.p.DruidDataSource - [init,998] - {dataSource-1} inited
02:23:32.519 [restartedMain] INFO  o.h.j.i.u.LogHelper - [logPersistenceUnitInformation,31] - HHH000204: Processing PersistenceUnitInfo [name: default]
02:23:32.593 [restartedMain] INFO  o.hibernate.Version - [logVersion,44] - HHH000412: Hibernate ORM core version 5.4.33
02:23:32.811 [restartedMain] INFO  o.h.a.common.Version - [<clinit>,56] - HCANN000001: Hibernate Commons Annotations {5.1.2.Final}
02:23:32.979 [restartedMain] INFO  o.h.dialect.Dialect - [<init>,175] - HHH000400: Using dialect: org.hibernate.dialect.MySQL8Dialect
02:23:33.912 [restartedMain] INFO  o.h.e.t.j.p.i.JtaPlatformInitiator - [initiateService,52] - HHH000490: Using JtaPlatform implementation: [org.hibernate.engine.transaction.jta.platform.internal.NoJtaPlatform]
02:23:36.727 [restartedMain] INFO  o.q.i.StdSchedulerFactory - [instantiate,1220] - Using default implementation for ThreadExecutor
02:23:36.738 [restartedMain] INFO  o.q.c.SchedulerSignalerImpl - [<init>,61] - Initialized Scheduler Signaller of type: class org.quartz.core.SchedulerSignalerImpl
02:23:36.738 [restartedMain] INFO  o.q.c.QuartzScheduler - [<init>,229] - Quartz Scheduler v.2.3.2 created.
02:23:36.746 [restartedMain] INFO  o.q.c.QuartzScheduler - [initialize,294] - Scheduler meta-data: Quartz Scheduler (v2.3.2) 'RuoyiScheduler' with instanceId 'MGMMacBook-Pro.local1747934616729'
  Scheduler class: 'org.quartz.core.QuartzScheduler' - running locally.
  NOT STARTED.
  Currently in standby mode.
  Number of jobs executed: 0
  Using thread pool 'org.quartz.simpl.SimpleThreadPool' - with 20 threads.
  Using job-store 'org.springframework.scheduling.quartz.LocalDataSourceJobStore' - which supports persistence. and is clustered.

02:23:36.747 [restartedMain] INFO  o.q.i.StdSchedulerFactory - [instantiate,1374] - Quartz scheduler 'RuoyiScheduler' initialized from an externally provided properties instance.
02:23:36.747 [restartedMain] INFO  o.q.i.StdSchedulerFactory - [instantiate,1378] - Quartz scheduler version: 2.3.2
02:23:36.748 [restartedMain] INFO  o.q.c.QuartzScheduler - [setJobFactory,2293] - JobFactory set to: org.springframework.scheduling.quartz.AdaptableJobFactory@6019e5c8
02:23:39.796 [restartedMain] INFO  o.a.c.h.Http11NioProtocol - [log,173] - Starting ProtocolHandler ["http-nio-0.0.0.0-8088"]
02:23:40.183 [restartedMain] INFO  c.s.RuoYiApplication - [logStarted,61] - Started RuoYiApplication in 13.159 seconds (JVM running for 14.146)
02:23:41.259 [Quartz Scheduler [RuoyiScheduler]] INFO  o.q.c.QuartzScheduler - [start,547] - Scheduler RuoyiScheduler_$_MGMMacBook-Pro.local1747934616729 started.
02:24:35.674 [http-nio-0.0.0.0-8088-exec-1] INFO  o.a.c.c.C.[.[.[/] - [log,173] - Initializing Spring DispatcherServlet 'dispatcherServlet'
02:35:54.621 [schedule-pool-1] INFO  sys-user - [run,55] - [192.168.0.5]内网IP[18720989281][Success][登录成功]
02:47:28.936 [SpringApplicationShutdownHook] INFO  o.q.c.QuartzScheduler - [standby,585] - Scheduler RuoyiScheduler_$_MGMMacBook-Pro.local1747934616729 paused.
02:47:29.143 [SpringApplicationShutdownHook] INFO  o.q.c.QuartzScheduler - [shutdown,666] - Scheduler RuoyiScheduler_$_MGMMacBook-Pro.local1747934616729 shutting down.
02:47:29.144 [SpringApplicationShutdownHook] INFO  o.q.c.QuartzScheduler - [standby,585] - Scheduler RuoyiScheduler_$_MGMMacBook-Pro.local1747934616729 paused.
02:47:29.146 [SpringApplicationShutdownHook] INFO  o.q.c.QuartzScheduler - [shutdown,740] - Scheduler RuoyiScheduler_$_MGMMacBook-Pro.local1747934616729 shutdown complete.
02:47:29.147 [SpringApplicationShutdownHook] INFO  sys-user - [shutdownAsyncManager,31] - ====关闭后台任务任务线程池====
02:47:29.188 [SpringApplicationShutdownHook] INFO  c.a.d.p.DruidDataSource - [close,2071] - {dataSource-1} closing ...
02:47:29.202 [SpringApplicationShutdownHook] INFO  c.a.d.p.DruidDataSource - [close,2144] - {dataSource-1} closed
02:47:42.944 [background-preinit] INFO  o.h.v.i.util.Version - [<clinit>,21] - HV000001: Hibernate Validator 6.2.0.Final
02:47:42.951 [restartedMain] INFO  c.s.RuoYiApplication - [logStarting,55] - Starting RuoYiApplication using Java 1.8.0_442 on MGMMacBook-Pro.local with PID 36682 (/Users/mgm/Desktop/YoLive-main/source-vue-master/source-admin/target/classes started by mgm in /Users/mgm/Desktop/YoLive-main)
02:47:42.955 [restartedMain] INFO  c.s.RuoYiApplication - [logStartupProfileInfo,674] - The following profiles are active: druid
02:47:45.670 [restartedMain] INFO  o.a.c.h.Http11NioProtocol - [log,173] - Initializing ProtocolHandler ["http-nio-0.0.0.0-8088"]
02:47:45.672 [restartedMain] INFO  o.a.c.c.StandardService - [log,173] - Starting service [Tomcat]
02:47:45.672 [restartedMain] INFO  o.a.c.c.StandardEngine - [log,173] - Starting Servlet engine: [Apache Tomcat/9.0.56]
02:47:45.740 [restartedMain] INFO  o.a.c.c.C.[.[.[/] - [log,173] - Initializing Spring embedded WebApplicationContext
02:47:46.991 [restartedMain] INFO  c.a.d.p.DruidDataSource - [init,998] - {dataSource-1} inited
02:47:47.043 [restartedMain] INFO  o.h.j.i.u.LogHelper - [logPersistenceUnitInformation,31] - HHH000204: Processing PersistenceUnitInfo [name: default]
02:47:47.086 [restartedMain] INFO  o.hibernate.Version - [logVersion,44] - HHH000412: Hibernate ORM core version 5.4.33
02:47:47.181 [restartedMain] INFO  o.h.a.common.Version - [<clinit>,56] - HCANN000001: Hibernate Commons Annotations {5.1.2.Final}
02:47:47.303 [restartedMain] INFO  o.h.dialect.Dialect - [<init>,175] - HHH000400: Using dialect: org.hibernate.dialect.MySQL8Dialect
02:47:47.927 [restartedMain] INFO  o.h.e.t.j.p.i.JtaPlatformInitiator - [initiateService,52] - HHH000490: Using JtaPlatform implementation: [org.hibernate.engine.transaction.jta.platform.internal.NoJtaPlatform]
02:47:50.101 [restartedMain] INFO  o.q.i.StdSchedulerFactory - [instantiate,1220] - Using default implementation for ThreadExecutor
02:47:50.110 [restartedMain] INFO  o.q.c.SchedulerSignalerImpl - [<init>,61] - Initialized Scheduler Signaller of type: class org.quartz.core.SchedulerSignalerImpl
02:47:50.111 [restartedMain] INFO  o.q.c.QuartzScheduler - [<init>,229] - Quartz Scheduler v.2.3.2 created.
02:47:50.115 [restartedMain] INFO  o.q.c.QuartzScheduler - [initialize,294] - Scheduler meta-data: Quartz Scheduler (v2.3.2) 'RuoyiScheduler' with instanceId 'MGMMacBook-Pro.local1747936070102'
  Scheduler class: 'org.quartz.core.QuartzScheduler' - running locally.
  NOT STARTED.
  Currently in standby mode.
  Number of jobs executed: 0
  Using thread pool 'org.quartz.simpl.SimpleThreadPool' - with 20 threads.
  Using job-store 'org.springframework.scheduling.quartz.LocalDataSourceJobStore' - which supports persistence. and is clustered.

02:47:50.115 [restartedMain] INFO  o.q.i.StdSchedulerFactory - [instantiate,1374] - Quartz scheduler 'RuoyiScheduler' initialized from an externally provided properties instance.
02:47:50.115 [restartedMain] INFO  o.q.i.StdSchedulerFactory - [instantiate,1378] - Quartz scheduler version: 2.3.2
02:47:50.116 [restartedMain] INFO  o.q.c.QuartzScheduler - [setJobFactory,2293] - JobFactory set to: org.springframework.scheduling.quartz.AdaptableJobFactory@773979e2
02:47:52.318 [restartedMain] INFO  o.a.c.h.Http11NioProtocol - [log,173] - Starting ProtocolHandler ["http-nio-0.0.0.0-8088"]
02:47:52.639 [restartedMain] INFO  c.s.RuoYiApplication - [logStarted,61] - Started RuoYiApplication in 10.196 seconds (JVM running for 11.061)
02:47:53.667 [Quartz Scheduler [RuoyiScheduler]] INFO  o.q.c.QuartzScheduler - [start,547] - Scheduler RuoyiScheduler_$_MGMMacBook-Pro.local1747936070102 started.
02:48:45.096 [http-nio-0.0.0.0-8088-exec-1] INFO  o.a.c.c.C.[.[.[/] - [log,173] - Initializing Spring DispatcherServlet 'dispatcherServlet'
02:56:11.382 [SpringApplicationShutdownHook] INFO  o.q.c.QuartzScheduler - [standby,585] - Scheduler RuoyiScheduler_$_MGMMacBook-Pro.local1747936070102 paused.
02:56:11.636 [SpringApplicationShutdownHook] INFO  o.q.c.QuartzScheduler - [shutdown,666] - Scheduler RuoyiScheduler_$_MGMMacBook-Pro.local1747936070102 shutting down.
02:56:11.637 [SpringApplicationShutdownHook] INFO  o.q.c.QuartzScheduler - [standby,585] - Scheduler RuoyiScheduler_$_MGMMacBook-Pro.local1747936070102 paused.
02:56:11.642 [SpringApplicationShutdownHook] INFO  o.q.c.QuartzScheduler - [shutdown,740] - Scheduler RuoyiScheduler_$_MGMMacBook-Pro.local1747936070102 shutdown complete.
02:56:11.643 [SpringApplicationShutdownHook] INFO  sys-user - [shutdownAsyncManager,31] - ====关闭后台任务任务线程池====
02:56:11.707 [SpringApplicationShutdownHook] INFO  c.a.d.p.DruidDataSource - [close,2071] - {dataSource-1} closing ...
02:56:11.728 [SpringApplicationShutdownHook] INFO  c.a.d.p.DruidDataSource - [close,2144] - {dataSource-1} closed
02:56:19.224 [background-preinit] INFO  o.h.v.i.util.Version - [<clinit>,21] - HV000001: Hibernate Validator 6.2.0.Final
02:56:19.221 [restartedMain] INFO  c.s.RuoYiApplication - [logStarting,55] - Starting RuoYiApplication using Java 1.8.0_442 on MGMMacBook-Pro.local with PID 36787 (/Users/mgm/Desktop/YoLive-main/source-vue-master/source-admin/target/classes started by mgm in /Users/mgm/Desktop/YoLive-main)
02:56:19.226 [restartedMain] INFO  c.s.RuoYiApplication - [logStartupProfileInfo,674] - The following profiles are active: druid
02:56:22.075 [restartedMain] INFO  o.a.c.h.Http11NioProtocol - [log,173] - Initializing ProtocolHandler ["http-nio-0.0.0.0-8088"]
02:56:22.077 [restartedMain] INFO  o.a.c.c.StandardService - [log,173] - Starting service [Tomcat]
02:56:22.077 [restartedMain] INFO  o.a.c.c.StandardEngine - [log,173] - Starting Servlet engine: [Apache Tomcat/9.0.56]
02:56:22.168 [restartedMain] INFO  o.a.c.c.C.[.[.[/] - [log,173] - Initializing Spring embedded WebApplicationContext
02:56:23.783 [restartedMain] INFO  c.a.d.p.DruidDataSource - [init,998] - {dataSource-1} inited
02:56:23.843 [restartedMain] INFO  o.h.j.i.u.LogHelper - [logPersistenceUnitInformation,31] - HHH000204: Processing PersistenceUnitInfo [name: default]
02:56:23.892 [restartedMain] INFO  o.hibernate.Version - [logVersion,44] - HHH000412: Hibernate ORM core version 5.4.33
02:56:23.994 [restartedMain] INFO  o.h.a.common.Version - [<clinit>,56] - HCANN000001: Hibernate Commons Annotations {5.1.2.Final}
02:56:24.105 [restartedMain] INFO  o.h.dialect.Dialect - [<init>,175] - HHH000400: Using dialect: org.hibernate.dialect.MySQL8Dialect
02:56:24.793 [restartedMain] INFO  o.h.e.t.j.p.i.JtaPlatformInitiator - [initiateService,52] - HHH000490: Using JtaPlatform implementation: [org.hibernate.engine.transaction.jta.platform.internal.NoJtaPlatform]
02:56:27.083 [restartedMain] INFO  o.q.i.StdSchedulerFactory - [instantiate,1220] - Using default implementation for ThreadExecutor
02:56:27.093 [restartedMain] INFO  o.q.c.SchedulerSignalerImpl - [<init>,61] - Initialized Scheduler Signaller of type: class org.quartz.core.SchedulerSignalerImpl
02:56:27.093 [restartedMain] INFO  o.q.c.QuartzScheduler - [<init>,229] - Quartz Scheduler v.2.3.2 created.
02:56:27.097 [restartedMain] INFO  o.q.c.QuartzScheduler - [initialize,294] - Scheduler meta-data: Quartz Scheduler (v2.3.2) 'RuoyiScheduler' with instanceId 'MGMMacBook-Pro.local1747936587084'
  Scheduler class: 'org.quartz.core.QuartzScheduler' - running locally.
  NOT STARTED.
  Currently in standby mode.
  Number of jobs executed: 0
  Using thread pool 'org.quartz.simpl.SimpleThreadPool' - with 20 threads.
  Using job-store 'org.springframework.scheduling.quartz.LocalDataSourceJobStore' - which supports persistence. and is clustered.

02:56:27.097 [restartedMain] INFO  o.q.i.StdSchedulerFactory - [instantiate,1374] - Quartz scheduler 'RuoyiScheduler' initialized from an externally provided properties instance.
02:56:27.098 [restartedMain] INFO  o.q.i.StdSchedulerFactory - [instantiate,1378] - Quartz scheduler version: 2.3.2
02:56:27.098 [restartedMain] INFO  o.q.c.QuartzScheduler - [setJobFactory,2293] - JobFactory set to: org.springframework.scheduling.quartz.AdaptableJobFactory@87318d5
02:56:30.994 [restartedMain] INFO  o.a.c.h.Http11NioProtocol - [log,173] - Starting ProtocolHandler ["http-nio-0.0.0.0-8088"]
02:56:31.600 [restartedMain] INFO  c.s.RuoYiApplication - [logStarted,61] - Started RuoYiApplication in 12.975 seconds (JVM running for 13.889)
02:56:32.638 [Quartz Scheduler [RuoyiScheduler]] INFO  o.q.c.QuartzScheduler - [start,547] - Scheduler RuoyiScheduler_$_MGMMacBook-Pro.local1747936587084 started.
02:56:58.194 [http-nio-0.0.0.0-8088-exec-1] INFO  o.a.c.c.C.[.[.[/] - [log,173] - Initializing Spring DispatcherServlet 'dispatcherServlet'
03:27:52.008 [SpringApplicationShutdownHook] INFO  o.q.c.QuartzScheduler - [standby,585] - Scheduler RuoyiScheduler_$_MGMMacBook-Pro.local1747936587084 paused.
03:27:52.389 [SpringApplicationShutdownHook] INFO  o.q.c.QuartzScheduler - [shutdown,666] - Scheduler RuoyiScheduler_$_MGMMacBook-Pro.local1747936587084 shutting down.
03:27:52.392 [SpringApplicationShutdownHook] INFO  o.q.c.QuartzScheduler - [standby,585] - Scheduler RuoyiScheduler_$_MGMMacBook-Pro.local1747936587084 paused.
03:27:52.395 [SpringApplicationShutdownHook] INFO  o.q.c.QuartzScheduler - [shutdown,740] - Scheduler RuoyiScheduler_$_MGMMacBook-Pro.local1747936587084 shutdown complete.
03:27:52.395 [SpringApplicationShutdownHook] INFO  sys-user - [shutdownAsyncManager,31] - ====关闭后台任务任务线程池====
03:27:52.471 [SpringApplicationShutdownHook] INFO  c.a.d.p.DruidDataSource - [close,2071] - {dataSource-1} closing ...
03:27:52.501 [SpringApplicationShutdownHook] INFO  c.a.d.p.DruidDataSource - [close,2144] - {dataSource-1} closed
03:28:04.947 [restartedMain] INFO  c.s.RuoYiApplication - [logStarting,55] - Starting RuoYiApplication using Java 1.8.0_442 on MGMMacBook-Pro.local with PID 37311 (/Users/mgm/Desktop/YoLive-main/source-vue-master/source-admin/target/classes started by mgm in /Users/mgm/Desktop/YoLive-main)
03:28:04.945 [background-preinit] INFO  o.h.v.i.util.Version - [<clinit>,21] - HV000001: Hibernate Validator 6.2.0.Final
03:28:04.948 [restartedMain] INFO  c.s.RuoYiApplication - [logStartupProfileInfo,674] - The following profiles are active: druid
03:28:07.861 [restartedMain] INFO  o.a.c.h.Http11NioProtocol - [log,173] - Initializing ProtocolHandler ["http-nio-0.0.0.0-8088"]
03:28:07.862 [restartedMain] INFO  o.a.c.c.StandardService - [log,173] - Starting service [Tomcat]
03:28:07.863 [restartedMain] INFO  o.a.c.c.StandardEngine - [log,173] - Starting Servlet engine: [Apache Tomcat/9.0.56]
03:28:07.938 [restartedMain] INFO  o.a.c.c.C.[.[.[/] - [log,173] - Initializing Spring embedded WebApplicationContext
03:28:09.571 [restartedMain] INFO  c.a.d.p.DruidDataSource - [init,998] - {dataSource-1} inited
03:28:09.628 [restartedMain] INFO  o.h.j.i.u.LogHelper - [logPersistenceUnitInformation,31] - HHH000204: Processing PersistenceUnitInfo [name: default]
03:28:09.680 [restartedMain] INFO  o.hibernate.Version - [logVersion,44] - HHH000412: Hibernate ORM core version 5.4.33
03:28:09.801 [restartedMain] INFO  o.h.a.common.Version - [<clinit>,56] - HCANN000001: Hibernate Commons Annotations {5.1.2.Final}
03:28:09.938 [restartedMain] INFO  o.h.dialect.Dialect - [<init>,175] - HHH000400: Using dialect: org.hibernate.dialect.MySQL8Dialect
03:28:10.811 [restartedMain] INFO  o.h.e.t.j.p.i.JtaPlatformInitiator - [initiateService,52] - HHH000490: Using JtaPlatform implementation: [org.hibernate.engine.transaction.jta.platform.internal.NoJtaPlatform]
03:28:13.707 [restartedMain] INFO  o.q.i.StdSchedulerFactory - [instantiate,1220] - Using default implementation for ThreadExecutor
03:28:13.721 [restartedMain] INFO  o.q.c.SchedulerSignalerImpl - [<init>,61] - Initialized Scheduler Signaller of type: class org.quartz.core.SchedulerSignalerImpl
03:28:13.721 [restartedMain] INFO  o.q.c.QuartzScheduler - [<init>,229] - Quartz Scheduler v.2.3.2 created.
03:28:13.730 [restartedMain] INFO  o.q.c.QuartzScheduler - [initialize,294] - Scheduler meta-data: Quartz Scheduler (v2.3.2) 'RuoyiScheduler' with instanceId 'MGMMacBook-Pro.local1747938493708'
  Scheduler class: 'org.quartz.core.QuartzScheduler' - running locally.
  NOT STARTED.
  Currently in standby mode.
  Number of jobs executed: 0
  Using thread pool 'org.quartz.simpl.SimpleThreadPool' - with 20 threads.
  Using job-store 'org.springframework.scheduling.quartz.LocalDataSourceJobStore' - which supports persistence. and is clustered.

03:28:13.731 [restartedMain] INFO  o.q.i.StdSchedulerFactory - [instantiate,1374] - Quartz scheduler 'RuoyiScheduler' initialized from an externally provided properties instance.
03:28:13.731 [restartedMain] INFO  o.q.i.StdSchedulerFactory - [instantiate,1378] - Quartz scheduler version: 2.3.2
03:28:13.733 [restartedMain] INFO  o.q.c.QuartzScheduler - [setJobFactory,2293] - JobFactory set to: org.springframework.scheduling.quartz.AdaptableJobFactory@5e7dfced
03:28:18.360 [restartedMain] INFO  o.a.c.h.Http11NioProtocol - [log,173] - Starting ProtocolHandler ["http-nio-0.0.0.0-8088"]
03:28:18.819 [restartedMain] INFO  c.s.RuoYiApplication - [logStarted,61] - Started RuoYiApplication in 14.726 seconds (JVM running for 16.707)
03:28:19.987 [Quartz Scheduler [RuoyiScheduler]] INFO  o.q.c.QuartzScheduler - [start,547] - Scheduler RuoyiScheduler_$_MGMMacBook-Pro.local1747938493708 started.
03:29:48.286 [http-nio-0.0.0.0-8088-exec-1] INFO  o.a.c.c.C.[.[.[/] - [log,173] - Initializing Spring DispatcherServlet 'dispatcherServlet'
03:36:51.826 [SpringApplicationShutdownHook] INFO  o.q.c.QuartzScheduler - [standby,585] - Scheduler RuoyiScheduler_$_MGMMacBook-Pro.local1747938493708 paused.
03:36:52.026 [SpringApplicationShutdownHook] INFO  o.q.c.QuartzScheduler - [shutdown,666] - Scheduler RuoyiScheduler_$_MGMMacBook-Pro.local1747938493708 shutting down.
03:36:52.029 [SpringApplicationShutdownHook] INFO  o.q.c.QuartzScheduler - [standby,585] - Scheduler RuoyiScheduler_$_MGMMacBook-Pro.local1747938493708 paused.
03:36:52.032 [SpringApplicationShutdownHook] INFO  o.q.c.QuartzScheduler - [shutdown,740] - Scheduler RuoyiScheduler_$_MGMMacBook-Pro.local1747938493708 shutdown complete.
03:36:52.033 [SpringApplicationShutdownHook] INFO  sys-user - [shutdownAsyncManager,31] - ====关闭后台任务任务线程池====
03:36:52.066 [SpringApplicationShutdownHook] INFO  c.a.d.p.DruidDataSource - [close,2071] - {dataSource-1} closing ...
03:36:52.098 [SpringApplicationShutdownHook] INFO  c.a.d.p.DruidDataSource - [close,2144] - {dataSource-1} closed
03:37:00.876 [restartedMain] INFO  c.s.RuoYiApplication - [logStarting,55] - Starting RuoYiApplication using Java 1.8.0_442 on MGMMacBook-Pro.local with PID 37596 (/Users/mgm/Desktop/YoLive-main/source-vue-master/source-admin/target/classes started by mgm in /Users/mgm/Desktop/YoLive-main)
03:37:00.885 [restartedMain] INFO  c.s.RuoYiApplication - [logStartupProfileInfo,674] - The following profiles are active: druid
03:37:00.884 [background-preinit] INFO  o.h.v.i.util.Version - [<clinit>,21] - HV000001: Hibernate Validator 6.2.0.Final
03:37:04.417 [restartedMain] INFO  o.a.c.h.Http11NioProtocol - [log,173] - Initializing ProtocolHandler ["http-nio-0.0.0.0-8088"]
03:37:04.418 [restartedMain] INFO  o.a.c.c.StandardService - [log,173] - Starting service [Tomcat]
03:37:04.418 [restartedMain] INFO  o.a.c.c.StandardEngine - [log,173] - Starting Servlet engine: [Apache Tomcat/9.0.56]
03:37:04.490 [restartedMain] INFO  o.a.c.c.C.[.[.[/] - [log,173] - Initializing Spring embedded WebApplicationContext
03:37:05.826 [restartedMain] INFO  c.a.d.p.DruidDataSource - [init,998] - {dataSource-1} inited
03:37:05.883 [restartedMain] INFO  o.h.j.i.u.LogHelper - [logPersistenceUnitInformation,31] - HHH000204: Processing PersistenceUnitInfo [name: default]
03:37:05.925 [restartedMain] INFO  o.hibernate.Version - [logVersion,44] - HHH000412: Hibernate ORM core version 5.4.33
03:37:06.019 [restartedMain] INFO  o.h.a.common.Version - [<clinit>,56] - HCANN000001: Hibernate Commons Annotations {5.1.2.Final}
03:37:06.138 [restartedMain] INFO  o.h.dialect.Dialect - [<init>,175] - HHH000400: Using dialect: org.hibernate.dialect.MySQL8Dialect
03:37:06.757 [restartedMain] INFO  o.h.e.t.j.p.i.JtaPlatformInitiator - [initiateService,52] - HHH000490: Using JtaPlatform implementation: [org.hibernate.engine.transaction.jta.platform.internal.NoJtaPlatform]
03:37:08.958 [restartedMain] INFO  o.q.i.StdSchedulerFactory - [instantiate,1220] - Using default implementation for ThreadExecutor
03:37:08.966 [restartedMain] INFO  o.q.c.SchedulerSignalerImpl - [<init>,61] - Initialized Scheduler Signaller of type: class org.quartz.core.SchedulerSignalerImpl
03:37:08.966 [restartedMain] INFO  o.q.c.QuartzScheduler - [<init>,229] - Quartz Scheduler v.2.3.2 created.
03:37:08.970 [restartedMain] INFO  o.q.c.QuartzScheduler - [initialize,294] - Scheduler meta-data: Quartz Scheduler (v2.3.2) 'RuoyiScheduler' with instanceId 'MGMMacBook-Pro.local1747939028959'
  Scheduler class: 'org.quartz.core.QuartzScheduler' - running locally.
  NOT STARTED.
  Currently in standby mode.
  Number of jobs executed: 0
  Using thread pool 'org.quartz.simpl.SimpleThreadPool' - with 20 threads.
  Using job-store 'org.springframework.scheduling.quartz.LocalDataSourceJobStore' - which supports persistence. and is clustered.

03:37:08.971 [restartedMain] INFO  o.q.i.StdSchedulerFactory - [instantiate,1374] - Quartz scheduler 'RuoyiScheduler' initialized from an externally provided properties instance.
03:37:08.971 [restartedMain] INFO  o.q.i.StdSchedulerFactory - [instantiate,1378] - Quartz scheduler version: 2.3.2
03:37:08.972 [restartedMain] INFO  o.q.c.QuartzScheduler - [setJobFactory,2293] - JobFactory set to: org.springframework.scheduling.quartz.AdaptableJobFactory@42ab484b
03:37:11.357 [restartedMain] INFO  o.a.c.h.Http11NioProtocol - [log,173] - Starting ProtocolHandler ["http-nio-0.0.0.0-8088"]
03:37:11.879 [restartedMain] INFO  c.s.RuoYiApplication - [logStarted,61] - Started RuoYiApplication in 11.761 seconds (JVM running for 13.043)
03:37:12.929 [Quartz Scheduler [RuoyiScheduler]] INFO  o.q.c.QuartzScheduler - [start,547] - Scheduler RuoyiScheduler_$_MGMMacBook-Pro.local1747939028959 started.
03:37:24.960 [http-nio-0.0.0.0-8088-exec-1] INFO  o.a.c.c.C.[.[.[/] - [log,173] - Initializing Spring DispatcherServlet 'dispatcherServlet'
03:40:38.638 [SpringApplicationShutdownHook] INFO  o.q.c.QuartzScheduler - [standby,585] - Scheduler RuoyiScheduler_$_MGMMacBook-Pro.local1747939028959 paused.
03:40:38.726 [SpringApplicationShutdownHook] INFO  o.q.c.QuartzScheduler - [shutdown,666] - Scheduler RuoyiScheduler_$_MGMMacBook-Pro.local1747939028959 shutting down.
03:40:38.728 [SpringApplicationShutdownHook] INFO  o.q.c.QuartzScheduler - [standby,585] - Scheduler RuoyiScheduler_$_MGMMacBook-Pro.local1747939028959 paused.
03:40:38.730 [SpringApplicationShutdownHook] INFO  o.q.c.QuartzScheduler - [shutdown,740] - Scheduler RuoyiScheduler_$_MGMMacBook-Pro.local1747939028959 shutdown complete.
03:40:38.731 [SpringApplicationShutdownHook] INFO  sys-user - [shutdownAsyncManager,31] - ====关闭后台任务任务线程池====
03:40:38.755 [SpringApplicationShutdownHook] INFO  c.a.d.p.DruidDataSource - [close,2071] - {dataSource-1} closing ...
03:40:38.771 [SpringApplicationShutdownHook] INFO  c.a.d.p.DruidDataSource - [close,2144] - {dataSource-1} closed
03:40:45.949 [restartedMain] INFO  c.s.RuoYiApplication - [logStarting,55] - Starting RuoYiApplication using Java 1.8.0_442 on MGMMacBook-Pro.local with PID 37650 (/Users/mgm/Desktop/YoLive-main/source-vue-master/source-admin/target/classes started by mgm in /Users/mgm/Desktop/YoLive-main)
03:40:45.949 [background-preinit] INFO  o.h.v.i.util.Version - [<clinit>,21] - HV000001: Hibernate Validator 6.2.0.Final
03:40:45.954 [restartedMain] INFO  c.s.RuoYiApplication - [logStartupProfileInfo,674] - The following profiles are active: druid
03:40:49.135 [restartedMain] INFO  o.a.c.h.Http11NioProtocol - [log,173] - Initializing ProtocolHandler ["http-nio-0.0.0.0-8088"]
03:40:49.138 [restartedMain] INFO  o.a.c.c.StandardService - [log,173] - Starting service [Tomcat]
03:40:49.138 [restartedMain] INFO  o.a.c.c.StandardEngine - [log,173] - Starting Servlet engine: [Apache Tomcat/9.0.56]
03:40:49.211 [restartedMain] INFO  o.a.c.c.C.[.[.[/] - [log,173] - Initializing Spring embedded WebApplicationContext
03:40:50.552 [restartedMain] INFO  c.a.d.p.DruidDataSource - [init,998] - {dataSource-1} inited
03:40:50.604 [restartedMain] INFO  o.h.j.i.u.LogHelper - [logPersistenceUnitInformation,31] - HHH000204: Processing PersistenceUnitInfo [name: default]
03:40:50.646 [restartedMain] INFO  o.hibernate.Version - [logVersion,44] - HHH000412: Hibernate ORM core version 5.4.33
03:40:50.749 [restartedMain] INFO  o.h.a.common.Version - [<clinit>,56] - HCANN000001: Hibernate Commons Annotations {5.1.2.Final}
03:40:50.861 [restartedMain] INFO  o.h.dialect.Dialect - [<init>,175] - HHH000400: Using dialect: org.hibernate.dialect.MySQL8Dialect
03:40:51.490 [restartedMain] INFO  o.h.e.t.j.p.i.JtaPlatformInitiator - [initiateService,52] - HHH000490: Using JtaPlatform implementation: [org.hibernate.engine.transaction.jta.platform.internal.NoJtaPlatform]
03:40:53.994 [restartedMain] INFO  o.q.i.StdSchedulerFactory - [instantiate,1220] - Using default implementation for ThreadExecutor
03:40:54.002 [restartedMain] INFO  o.q.c.SchedulerSignalerImpl - [<init>,61] - Initialized Scheduler Signaller of type: class org.quartz.core.SchedulerSignalerImpl
03:40:54.002 [restartedMain] INFO  o.q.c.QuartzScheduler - [<init>,229] - Quartz Scheduler v.2.3.2 created.
03:40:54.007 [restartedMain] INFO  o.q.c.QuartzScheduler - [initialize,294] - Scheduler meta-data: Quartz Scheduler (v2.3.2) 'RuoyiScheduler' with instanceId 'MGMMacBook-Pro.local1747939253995'
  Scheduler class: 'org.quartz.core.QuartzScheduler' - running locally.
  NOT STARTED.
  Currently in standby mode.
  Number of jobs executed: 0
  Using thread pool 'org.quartz.simpl.SimpleThreadPool' - with 20 threads.
  Using job-store 'org.springframework.scheduling.quartz.LocalDataSourceJobStore' - which supports persistence. and is clustered.

03:40:54.007 [restartedMain] INFO  o.q.i.StdSchedulerFactory - [instantiate,1374] - Quartz scheduler 'RuoyiScheduler' initialized from an externally provided properties instance.
03:40:54.007 [restartedMain] INFO  o.q.i.StdSchedulerFactory - [instantiate,1378] - Quartz scheduler version: 2.3.2
03:40:54.008 [restartedMain] INFO  o.q.c.QuartzScheduler - [setJobFactory,2293] - JobFactory set to: org.springframework.scheduling.quartz.AdaptableJobFactory@3ce86c74
03:40:56.338 [restartedMain] INFO  o.a.c.h.Http11NioProtocol - [log,173] - Starting ProtocolHandler ["http-nio-0.0.0.0-8088"]
03:40:56.729 [restartedMain] INFO  c.s.RuoYiApplication - [logStarted,61] - Started RuoYiApplication in 11.298 seconds (JVM running for 12.331)
03:40:57.846 [Quartz Scheduler [RuoyiScheduler]] INFO  o.q.c.QuartzScheduler - [start,547] - Scheduler RuoyiScheduler_$_MGMMacBook-Pro.local1747939253995 started.
03:41:04.415 [http-nio-0.0.0.0-8088-exec-1] INFO  o.a.c.c.C.[.[.[/] - [log,173] - Initializing Spring DispatcherServlet 'dispatcherServlet'
03:45:49.969 [SpringApplicationShutdownHook] INFO  o.q.c.QuartzScheduler - [standby,585] - Scheduler RuoyiScheduler_$_MGMMacBook-Pro.local1747939253995 paused.
03:45:50.063 [SpringApplicationShutdownHook] INFO  o.q.c.QuartzScheduler - [shutdown,666] - Scheduler RuoyiScheduler_$_MGMMacBook-Pro.local1747939253995 shutting down.
03:45:50.064 [SpringApplicationShutdownHook] INFO  o.q.c.QuartzScheduler - [standby,585] - Scheduler RuoyiScheduler_$_MGMMacBook-Pro.local1747939253995 paused.
03:45:50.066 [SpringApplicationShutdownHook] INFO  o.q.c.QuartzScheduler - [shutdown,740] - Scheduler RuoyiScheduler_$_MGMMacBook-Pro.local1747939253995 shutdown complete.
03:45:50.066 [SpringApplicationShutdownHook] INFO  sys-user - [shutdownAsyncManager,31] - ====关闭后台任务任务线程池====
03:45:50.095 [SpringApplicationShutdownHook] INFO  c.a.d.p.DruidDataSource - [close,2071] - {dataSource-1} closing ...
03:45:50.115 [SpringApplicationShutdownHook] INFO  c.a.d.p.DruidDataSource - [close,2144] - {dataSource-1} closed
15:05:55.172 [restartedMain] INFO  c.s.RuoYiApplication - [logStarting,55] - Starting RuoYiApplication using Java 1.8.0_442 on MGMMacBook-Pro.local with PID 39029 (/Users/mgm/Desktop/YoLive-main/source-vue-master/source-admin/target/classes started by mgm in /Users/mgm/Desktop/YoLive-main)
15:05:55.178 [background-preinit] INFO  o.h.v.i.util.Version - [<clinit>,21] - HV000001: Hibernate Validator 6.2.0.Final
15:05:55.178 [restartedMain] INFO  c.s.RuoYiApplication - [logStartupProfileInfo,674] - The following profiles are active: druid
15:05:57.993 [restartedMain] INFO  o.a.c.h.Http11NioProtocol - [log,173] - Initializing ProtocolHandler ["http-nio-0.0.0.0-8088"]
15:05:57.994 [restartedMain] INFO  o.a.c.c.StandardService - [log,173] - Starting service [Tomcat]
15:05:57.994 [restartedMain] INFO  o.a.c.c.StandardEngine - [log,173] - Starting Servlet engine: [Apache Tomcat/9.0.56]
15:05:58.061 [restartedMain] INFO  o.a.c.c.C.[.[.[/] - [log,173] - Initializing Spring embedded WebApplicationContext
15:05:59.423 [restartedMain] INFO  c.a.d.p.DruidDataSource - [init,998] - {dataSource-1} inited
15:05:59.476 [restartedMain] INFO  o.h.j.i.u.LogHelper - [logPersistenceUnitInformation,31] - HHH000204: Processing PersistenceUnitInfo [name: default]
15:05:59.519 [restartedMain] INFO  o.hibernate.Version - [logVersion,44] - HHH000412: Hibernate ORM core version 5.4.33
15:05:59.619 [restartedMain] INFO  o.h.a.common.Version - [<clinit>,56] - HCANN000001: Hibernate Commons Annotations {5.1.2.Final}
15:05:59.742 [restartedMain] INFO  o.h.dialect.Dialect - [<init>,175] - HHH000400: Using dialect: org.hibernate.dialect.MySQL8Dialect
15:06:00.368 [restartedMain] INFO  o.h.e.t.j.p.i.JtaPlatformInitiator - [initiateService,52] - HHH000490: Using JtaPlatform implementation: [org.hibernate.engine.transaction.jta.platform.internal.NoJtaPlatform]
15:06:02.563 [restartedMain] INFO  o.q.i.StdSchedulerFactory - [instantiate,1220] - Using default implementation for ThreadExecutor
15:06:02.572 [restartedMain] INFO  o.q.c.SchedulerSignalerImpl - [<init>,61] - Initialized Scheduler Signaller of type: class org.quartz.core.SchedulerSignalerImpl
15:06:02.573 [restartedMain] INFO  o.q.c.QuartzScheduler - [<init>,229] - Quartz Scheduler v.2.3.2 created.
15:06:02.577 [restartedMain] INFO  o.q.c.QuartzScheduler - [initialize,294] - Scheduler meta-data: Quartz Scheduler (v2.3.2) 'RuoyiScheduler' with instanceId 'MGMMacBook-Pro.local1747980362564'
  Scheduler class: 'org.quartz.core.QuartzScheduler' - running locally.
  NOT STARTED.
  Currently in standby mode.
  Number of jobs executed: 0
  Using thread pool 'org.quartz.simpl.SimpleThreadPool' - with 20 threads.
  Using job-store 'org.springframework.scheduling.quartz.LocalDataSourceJobStore' - which supports persistence. and is clustered.

15:06:02.577 [restartedMain] INFO  o.q.i.StdSchedulerFactory - [instantiate,1374] - Quartz scheduler 'RuoyiScheduler' initialized from an externally provided properties instance.
15:06:02.577 [restartedMain] INFO  o.q.i.StdSchedulerFactory - [instantiate,1378] - Quartz scheduler version: 2.3.2
15:06:02.580 [restartedMain] INFO  o.q.c.QuartzScheduler - [setJobFactory,2293] - JobFactory set to: org.springframework.scheduling.quartz.AdaptableJobFactory@3642fc2f
15:06:04.841 [restartedMain] INFO  o.a.c.h.Http11NioProtocol - [log,173] - Starting ProtocolHandler ["http-nio-0.0.0.0-8088"]
15:06:05.160 [restartedMain] INFO  c.s.RuoYiApplication - [logStarted,61] - Started RuoYiApplication in 10.459 seconds (JVM running for 11.634)
15:06:06.225 [Quartz Scheduler [RuoyiScheduler]] INFO  o.q.c.QuartzScheduler - [start,547] - Scheduler RuoyiScheduler_$_MGMMacBook-Pro.local1747980362564 started.
15:19:59.414 [SpringApplicationShutdownHook] INFO  o.q.c.QuartzScheduler - [standby,585] - Scheduler RuoyiScheduler_$_MGMMacBook-Pro.local1747980362564 paused.
15:20:00.254 [SpringApplicationShutdownHook] INFO  o.q.c.QuartzScheduler - [shutdown,666] - Scheduler RuoyiScheduler_$_MGMMacBook-Pro.local1747980362564 shutting down.
15:20:00.258 [SpringApplicationShutdownHook] INFO  o.q.c.QuartzScheduler - [standby,585] - Scheduler RuoyiScheduler_$_MGMMacBook-Pro.local1747980362564 paused.
15:20:00.263 [SpringApplicationShutdownHook] INFO  o.q.c.QuartzScheduler - [shutdown,740] - Scheduler RuoyiScheduler_$_MGMMacBook-Pro.local1747980362564 shutdown complete.
15:20:00.264 [SpringApplicationShutdownHook] INFO  sys-user - [shutdownAsyncManager,31] - ====关闭后台任务任务线程池====
15:20:00.337 [SpringApplicationShutdownHook] INFO  c.a.d.p.DruidDataSource - [close,2071] - {dataSource-1} closing ...
15:20:00.417 [SpringApplicationShutdownHook] INFO  c.a.d.p.DruidDataSource - [close,2144] - {dataSource-1} closed
15:20:05.152 [background-preinit] INFO  o.h.v.i.util.Version - [<clinit>,21] - HV000001: Hibernate Validator 6.2.0.Final
15:20:05.158 [restartedMain] INFO  c.s.RuoYiApplication - [logStarting,55] - Starting RuoYiApplication using Java 1.8.0_442 on MGMMacBook-Pro.local with PID 39745 (/Users/mgm/Desktop/YoLive-main/source-vue-master/source-admin/target/classes started by mgm in /Users/mgm/Desktop/YoLive-main)
15:20:05.161 [restartedMain] INFO  c.s.RuoYiApplication - [logStartupProfileInfo,674] - The following profiles are active: druid
15:20:08.686 [restartedMain] INFO  o.a.c.h.Http11NioProtocol - [log,173] - Initializing ProtocolHandler ["http-nio-0.0.0.0-8088"]
15:20:08.688 [restartedMain] INFO  o.a.c.c.StandardService - [log,173] - Starting service [Tomcat]
15:20:08.688 [restartedMain] INFO  o.a.c.c.StandardEngine - [log,173] - Starting Servlet engine: [Apache Tomcat/9.0.56]
15:20:08.754 [restartedMain] INFO  o.a.c.c.C.[.[.[/] - [log,173] - Initializing Spring embedded WebApplicationContext
15:20:10.287 [restartedMain] INFO  c.a.d.p.DruidDataSource - [init,998] - {dataSource-1} inited
15:20:10.336 [restartedMain] INFO  o.h.j.i.u.LogHelper - [logPersistenceUnitInformation,31] - HHH000204: Processing PersistenceUnitInfo [name: default]
15:20:10.381 [restartedMain] INFO  o.hibernate.Version - [logVersion,44] - HHH000412: Hibernate ORM core version 5.4.33
15:20:10.484 [restartedMain] INFO  o.h.a.common.Version - [<clinit>,56] - HCANN000001: Hibernate Commons Annotations {5.1.2.Final}
15:20:10.602 [restartedMain] INFO  o.h.dialect.Dialect - [<init>,175] - HHH000400: Using dialect: org.hibernate.dialect.MySQL8Dialect
15:20:11.329 [restartedMain] INFO  o.h.e.t.j.p.i.JtaPlatformInitiator - [initiateService,52] - HHH000490: Using JtaPlatform implementation: [org.hibernate.engine.transaction.jta.platform.internal.NoJtaPlatform]
15:20:13.588 [restartedMain] INFO  o.q.i.StdSchedulerFactory - [instantiate,1220] - Using default implementation for ThreadExecutor
15:20:13.598 [restartedMain] INFO  o.q.c.SchedulerSignalerImpl - [<init>,61] - Initialized Scheduler Signaller of type: class org.quartz.core.SchedulerSignalerImpl
15:20:13.598 [restartedMain] INFO  o.q.c.QuartzScheduler - [<init>,229] - Quartz Scheduler v.2.3.2 created.
15:20:13.605 [restartedMain] INFO  o.q.c.QuartzScheduler - [initialize,294] - Scheduler meta-data: Quartz Scheduler (v2.3.2) 'RuoyiScheduler' with instanceId 'MGMMacBook-Pro.local1747981213590'
  Scheduler class: 'org.quartz.core.QuartzScheduler' - running locally.
  NOT STARTED.
  Currently in standby mode.
  Number of jobs executed: 0
  Using thread pool 'org.quartz.simpl.SimpleThreadPool' - with 20 threads.
  Using job-store 'org.springframework.scheduling.quartz.LocalDataSourceJobStore' - which supports persistence. and is clustered.

15:20:13.606 [restartedMain] INFO  o.q.i.StdSchedulerFactory - [instantiate,1374] - Quartz scheduler 'RuoyiScheduler' initialized from an externally provided properties instance.
15:20:13.606 [restartedMain] INFO  o.q.i.StdSchedulerFactory - [instantiate,1378] - Quartz scheduler version: 2.3.2
15:20:13.608 [restartedMain] INFO  o.q.c.QuartzScheduler - [setJobFactory,2293] - JobFactory set to: org.springframework.scheduling.quartz.AdaptableJobFactory@21c1154f
15:20:16.243 [restartedMain] INFO  o.a.c.h.Http11NioProtocol - [log,173] - Starting ProtocolHandler ["http-nio-0.0.0.0-8088"]
15:20:16.597 [restartedMain] INFO  c.s.RuoYiApplication - [logStarted,61] - Started RuoYiApplication in 12.101 seconds (JVM running for 13.451)
15:20:17.692 [Quartz Scheduler [RuoyiScheduler]] INFO  o.q.c.QuartzScheduler - [start,547] - Scheduler RuoyiScheduler_$_MGMMacBook-Pro.local1747981213590 started.
15:21:28.144 [http-nio-0.0.0.0-8088-exec-1] INFO  o.a.c.c.C.[.[.[/] - [log,173] - Initializing Spring DispatcherServlet 'dispatcherServlet'
15:40:23.324 [http-nio-0.0.0.0-8088-exec-4] INFO  o.a.c.h.Http11Processor - [log,175] - Error parsing HTTP request header
 Note: further occurrences of HTTP request parsing errors will be logged at DEBUG level.
java.lang.IllegalArgumentException: Invalid character found in the request target [/api/houses?${{query}}=undefined&city=%E5%8C%97%E4%BA%AC ]. The valid characters are defined in RFC 7230 and RFC 3986
	at org.apache.coyote.http11.Http11InputBuffer.parseRequestLine(Http11InputBuffer.java:494)
	at org.apache.coyote.http11.Http11Processor.service(Http11Processor.java:269)
	at org.apache.coyote.AbstractProcessorLight.process(AbstractProcessorLight.java:65)
	at org.apache.coyote.AbstractProtocol$ConnectionHandler.process(AbstractProtocol.java:895)
	at org.apache.tomcat.util.net.NioEndpoint$SocketProcessor.doRun(NioEndpoint.java:1732)
	at org.apache.tomcat.util.net.SocketProcessorBase.run(SocketProcessorBase.java:49)
	at org.apache.tomcat.util.threads.ThreadPoolExecutor.runWorker(ThreadPoolExecutor.java:1191)
	at org.apache.tomcat.util.threads.ThreadPoolExecutor$Worker.run(ThreadPoolExecutor.java:659)
	at org.apache.tomcat.util.threads.TaskThread$WrappingRunnable.run(TaskThread.java:61)
	at java.lang.Thread.run(Thread.java:750)
15:50:37.066 [SpringApplicationShutdownHook] INFO  o.q.c.QuartzScheduler - [standby,585] - Scheduler RuoyiScheduler_$_MGMMacBook-Pro.local1747981213590 paused.
15:50:37.191 [SpringApplicationShutdownHook] INFO  o.q.c.QuartzScheduler - [shutdown,666] - Scheduler RuoyiScheduler_$_MGMMacBook-Pro.local1747981213590 shutting down.
15:50:37.192 [SpringApplicationShutdownHook] INFO  o.q.c.QuartzScheduler - [standby,585] - Scheduler RuoyiScheduler_$_MGMMacBook-Pro.local1747981213590 paused.
15:50:37.193 [SpringApplicationShutdownHook] INFO  o.q.c.QuartzScheduler - [shutdown,740] - Scheduler RuoyiScheduler_$_MGMMacBook-Pro.local1747981213590 shutdown complete.
15:50:37.193 [SpringApplicationShutdownHook] INFO  sys-user - [shutdownAsyncManager,31] - ====关闭后台任务任务线程池====
15:50:37.220 [SpringApplicationShutdownHook] INFO  c.a.d.p.DruidDataSource - [close,2071] - {dataSource-1} closing ...
15:50:37.235 [SpringApplicationShutdownHook] INFO  c.a.d.p.DruidDataSource - [close,2144] - {dataSource-1} closed
15:50:42.169 [background-preinit] INFO  o.h.v.i.util.Version - [<clinit>,21] - HV000001: Hibernate Validator 6.2.0.Final
15:50:42.170 [restartedMain] INFO  c.s.RuoYiApplication - [logStarting,55] - Starting RuoYiApplication using Java 1.8.0_442 on MGMMacBook-Pro.local with PID 40676 (/Users/mgm/Desktop/YoLive-main/source-vue-master/source-admin/target/classes started by mgm in /Users/mgm/Desktop/YoLive-main)
15:50:42.175 [restartedMain] INFO  c.s.RuoYiApplication - [logStartupProfileInfo,674] - The following profiles are active: druid
15:50:45.063 [restartedMain] INFO  o.a.c.h.Http11NioProtocol - [log,173] - Initializing ProtocolHandler ["http-nio-0.0.0.0-8088"]
15:50:45.064 [restartedMain] INFO  o.a.c.c.StandardService - [log,173] - Starting service [Tomcat]
15:50:45.064 [restartedMain] INFO  o.a.c.c.StandardEngine - [log,173] - Starting Servlet engine: [Apache Tomcat/9.0.56]
15:50:45.138 [restartedMain] INFO  o.a.c.c.C.[.[.[/] - [log,173] - Initializing Spring embedded WebApplicationContext
15:50:46.480 [restartedMain] INFO  c.a.d.p.DruidDataSource - [init,998] - {dataSource-1} inited
15:50:46.537 [restartedMain] INFO  o.h.j.i.u.LogHelper - [logPersistenceUnitInformation,31] - HHH000204: Processing PersistenceUnitInfo [name: default]
15:50:46.579 [restartedMain] INFO  o.hibernate.Version - [logVersion,44] - HHH000412: Hibernate ORM core version 5.4.33
15:50:46.686 [restartedMain] INFO  o.h.a.common.Version - [<clinit>,56] - HCANN000001: Hibernate Commons Annotations {5.1.2.Final}
15:50:46.802 [restartedMain] INFO  o.h.dialect.Dialect - [<init>,175] - HHH000400: Using dialect: org.hibernate.dialect.MySQL8Dialect
15:50:47.451 [restartedMain] INFO  o.h.e.t.j.p.i.JtaPlatformInitiator - [initiateService,52] - HHH000490: Using JtaPlatform implementation: [org.hibernate.engine.transaction.jta.platform.internal.NoJtaPlatform]
15:50:49.781 [restartedMain] INFO  o.q.i.StdSchedulerFactory - [instantiate,1220] - Using default implementation for ThreadExecutor
15:50:49.790 [restartedMain] INFO  o.q.c.SchedulerSignalerImpl - [<init>,61] - Initialized Scheduler Signaller of type: class org.quartz.core.SchedulerSignalerImpl
15:50:49.790 [restartedMain] INFO  o.q.c.QuartzScheduler - [<init>,229] - Quartz Scheduler v.2.3.2 created.
15:50:49.794 [restartedMain] INFO  o.q.c.QuartzScheduler - [initialize,294] - Scheduler meta-data: Quartz Scheduler (v2.3.2) 'RuoyiScheduler' with instanceId 'MGMMacBook-Pro.local1747983049782'
  Scheduler class: 'org.quartz.core.QuartzScheduler' - running locally.
  NOT STARTED.
  Currently in standby mode.
  Number of jobs executed: 0
  Using thread pool 'org.quartz.simpl.SimpleThreadPool' - with 20 threads.
  Using job-store 'org.springframework.scheduling.quartz.LocalDataSourceJobStore' - which supports persistence. and is clustered.

15:50:49.795 [restartedMain] INFO  o.q.i.StdSchedulerFactory - [instantiate,1374] - Quartz scheduler 'RuoyiScheduler' initialized from an externally provided properties instance.
15:50:49.795 [restartedMain] INFO  o.q.i.StdSchedulerFactory - [instantiate,1378] - Quartz scheduler version: 2.3.2
15:50:49.796 [restartedMain] INFO  o.q.c.QuartzScheduler - [setJobFactory,2293] - JobFactory set to: org.springframework.scheduling.quartz.AdaptableJobFactory@270a8c9
15:50:52.493 [restartedMain] INFO  o.a.c.h.Http11NioProtocol - [log,173] - Starting ProtocolHandler ["http-nio-0.0.0.0-8088"]
15:50:52.825 [restartedMain] INFO  c.s.RuoYiApplication - [logStarted,61] - Started RuoYiApplication in 11.165 seconds (JVM running for 12.446)
15:50:53.845 [Quartz Scheduler [RuoyiScheduler]] INFO  o.q.c.QuartzScheduler - [start,547] - Scheduler RuoyiScheduler_$_MGMMacBook-Pro.local1747983049782 started.
15:51:05.157 [http-nio-0.0.0.0-8088-exec-1] INFO  o.a.c.c.C.[.[.[/] - [log,173] - Initializing Spring DispatcherServlet 'dispatcherServlet'
15:59:42.981 [SpringApplicationShutdownHook] INFO  o.q.c.QuartzScheduler - [standby,585] - Scheduler RuoyiScheduler_$_MGMMacBook-Pro.local1747983049782 paused.
15:59:43.103 [SpringApplicationShutdownHook] INFO  o.q.c.QuartzScheduler - [shutdown,666] - Scheduler RuoyiScheduler_$_MGMMacBook-Pro.local1747983049782 shutting down.
15:59:43.106 [SpringApplicationShutdownHook] INFO  o.q.c.QuartzScheduler - [standby,585] - Scheduler RuoyiScheduler_$_MGMMacBook-Pro.local1747983049782 paused.
15:59:43.109 [SpringApplicationShutdownHook] INFO  o.q.c.QuartzScheduler - [shutdown,740] - Scheduler RuoyiScheduler_$_MGMMacBook-Pro.local1747983049782 shutdown complete.
15:59:43.110 [SpringApplicationShutdownHook] INFO  sys-user - [shutdownAsyncManager,31] - ====关闭后台任务任务线程池====
15:59:43.161 [SpringApplicationShutdownHook] INFO  c.a.d.p.DruidDataSource - [close,2071] - {dataSource-1} closing ...
15:59:43.183 [SpringApplicationShutdownHook] INFO  c.a.d.p.DruidDataSource - [close,2144] - {dataSource-1} closed
15:59:47.293 [background-preinit] INFO  o.h.v.i.util.Version - [<clinit>,21] - HV000001: Hibernate Validator 6.2.0.Final
15:59:47.306 [restartedMain] INFO  c.s.RuoYiApplication - [logStarting,55] - Starting RuoYiApplication using Java 1.8.0_442 on MGMMacBook-Pro.local with PID 40822 (/Users/mgm/Desktop/YoLive-main/source-vue-master/source-admin/target/classes started by mgm in /Users/mgm/Desktop/YoLive-main)
15:59:47.307 [restartedMain] INFO  c.s.RuoYiApplication - [logStartupProfileInfo,674] - The following profiles are active: druid
15:59:50.085 [restartedMain] INFO  o.a.c.h.Http11NioProtocol - [log,173] - Initializing ProtocolHandler ["http-nio-0.0.0.0-8088"]
15:59:50.086 [restartedMain] INFO  o.a.c.c.StandardService - [log,173] - Starting service [Tomcat]
15:59:50.087 [restartedMain] INFO  o.a.c.c.StandardEngine - [log,173] - Starting Servlet engine: [Apache Tomcat/9.0.56]
15:59:50.152 [restartedMain] INFO  o.a.c.c.C.[.[.[/] - [log,173] - Initializing Spring embedded WebApplicationContext
15:59:51.421 [restartedMain] INFO  c.a.d.p.DruidDataSource - [init,998] - {dataSource-1} inited
15:59:51.473 [restartedMain] INFO  o.h.j.i.u.LogHelper - [logPersistenceUnitInformation,31] - HHH000204: Processing PersistenceUnitInfo [name: default]
15:59:51.515 [restartedMain] INFO  o.hibernate.Version - [logVersion,44] - HHH000412: Hibernate ORM core version 5.4.33
15:59:51.613 [restartedMain] INFO  o.h.a.common.Version - [<clinit>,56] - HCANN000001: Hibernate Commons Annotations {5.1.2.Final}
15:59:51.751 [restartedMain] INFO  o.h.dialect.Dialect - [<init>,175] - HHH000400: Using dialect: org.hibernate.dialect.MySQL8Dialect
15:59:52.353 [restartedMain] INFO  o.h.e.t.j.p.i.JtaPlatformInitiator - [initiateService,52] - HHH000490: Using JtaPlatform implementation: [org.hibernate.engine.transaction.jta.platform.internal.NoJtaPlatform]
15:59:54.585 [restartedMain] INFO  o.q.i.StdSchedulerFactory - [instantiate,1220] - Using default implementation for ThreadExecutor
15:59:54.595 [restartedMain] INFO  o.q.c.SchedulerSignalerImpl - [<init>,61] - Initialized Scheduler Signaller of type: class org.quartz.core.SchedulerSignalerImpl
15:59:54.595 [restartedMain] INFO  o.q.c.QuartzScheduler - [<init>,229] - Quartz Scheduler v.2.3.2 created.
15:59:54.599 [restartedMain] INFO  o.q.c.QuartzScheduler - [initialize,294] - Scheduler meta-data: Quartz Scheduler (v2.3.2) 'RuoyiScheduler' with instanceId 'MGMMacBook-Pro.local1747983594586'
  Scheduler class: 'org.quartz.core.QuartzScheduler' - running locally.
  NOT STARTED.
  Currently in standby mode.
  Number of jobs executed: 0
  Using thread pool 'org.quartz.simpl.SimpleThreadPool' - with 20 threads.
  Using job-store 'org.springframework.scheduling.quartz.LocalDataSourceJobStore' - which supports persistence. and is clustered.

15:59:54.600 [restartedMain] INFO  o.q.i.StdSchedulerFactory - [instantiate,1374] - Quartz scheduler 'RuoyiScheduler' initialized from an externally provided properties instance.
15:59:54.600 [restartedMain] INFO  o.q.i.StdSchedulerFactory - [instantiate,1378] - Quartz scheduler version: 2.3.2
15:59:54.601 [restartedMain] INFO  o.q.c.QuartzScheduler - [setJobFactory,2293] - JobFactory set to: org.springframework.scheduling.quartz.AdaptableJobFactory@68a9172
15:59:57.117 [restartedMain] INFO  o.a.c.h.Http11NioProtocol - [log,173] - Starting ProtocolHandler ["http-nio-0.0.0.0-8088"]
15:59:57.486 [restartedMain] INFO  c.s.RuoYiApplication - [logStarted,61] - Started RuoYiApplication in 10.718 seconds (JVM running for 11.911)
15:59:58.579 [Quartz Scheduler [RuoyiScheduler]] INFO  o.q.c.QuartzScheduler - [start,547] - Scheduler RuoyiScheduler_$_MGMMacBook-Pro.local1747983594586 started.
16:00:14.330 [http-nio-0.0.0.0-8088-exec-1] INFO  o.a.c.c.C.[.[.[/] - [log,173] - Initializing Spring DispatcherServlet 'dispatcherServlet'
16:00:39.910 [SpringApplicationShutdownHook] INFO  o.q.c.QuartzScheduler - [standby,585] - Scheduler RuoyiScheduler_$_MGMMacBook-Pro.local1747983594586 paused.
16:00:39.962 [SpringApplicationShutdownHook] INFO  o.q.c.QuartzScheduler - [shutdown,666] - Scheduler RuoyiScheduler_$_MGMMacBook-Pro.local1747983594586 shutting down.
16:00:39.963 [SpringApplicationShutdownHook] INFO  o.q.c.QuartzScheduler - [standby,585] - Scheduler RuoyiScheduler_$_MGMMacBook-Pro.local1747983594586 paused.
16:00:39.965 [SpringApplicationShutdownHook] INFO  o.q.c.QuartzScheduler - [shutdown,740] - Scheduler RuoyiScheduler_$_MGMMacBook-Pro.local1747983594586 shutdown complete.
16:00:39.965 [SpringApplicationShutdownHook] INFO  sys-user - [shutdownAsyncManager,31] - ====关闭后台任务任务线程池====
16:00:39.984 [SpringApplicationShutdownHook] INFO  c.a.d.p.DruidDataSource - [close,2071] - {dataSource-1} closing ...
16:00:40.001 [SpringApplicationShutdownHook] INFO  c.a.d.p.DruidDataSource - [close,2144] - {dataSource-1} closed
16:06:24.228 [restartedMain] INFO  c.s.RuoYiApplication - [logStarting,55] - Starting RuoYiApplication using Java 1.8.0_442 on MGMMacBook-Pro.local with PID 41034 (/Users/mgm/Desktop/YoLive-main/source-vue-master/source-admin/target/classes started by mgm in /Users/mgm/Desktop/YoLive-main)
16:06:24.235 [background-preinit] INFO  o.h.v.i.util.Version - [<clinit>,21] - HV000001: Hibernate Validator 6.2.0.Final
16:06:24.240 [restartedMain] INFO  c.s.RuoYiApplication - [logStartupProfileInfo,674] - The following profiles are active: druid
16:06:27.399 [restartedMain] INFO  o.a.c.h.Http11NioProtocol - [log,173] - Initializing ProtocolHandler ["http-nio-0.0.0.0-8088"]
16:06:27.400 [restartedMain] INFO  o.a.c.c.StandardService - [log,173] - Starting service [Tomcat]
16:06:27.400 [restartedMain] INFO  o.a.c.c.StandardEngine - [log,173] - Starting Servlet engine: [Apache Tomcat/9.0.56]
16:06:27.465 [restartedMain] INFO  o.a.c.c.C.[.[.[/] - [log,173] - Initializing Spring embedded WebApplicationContext
16:06:28.905 [restartedMain] INFO  c.a.d.p.DruidDataSource - [init,998] - {dataSource-1} inited
16:06:28.976 [restartedMain] INFO  o.h.j.i.u.LogHelper - [logPersistenceUnitInformation,31] - HHH000204: Processing PersistenceUnitInfo [name: default]
16:06:29.033 [restartedMain] INFO  o.hibernate.Version - [logVersion,44] - HHH000412: Hibernate ORM core version 5.4.33
16:06:29.136 [restartedMain] INFO  o.h.a.common.Version - [<clinit>,56] - HCANN000001: Hibernate Commons Annotations {5.1.2.Final}
16:06:29.252 [restartedMain] INFO  o.h.dialect.Dialect - [<init>,175] - HHH000400: Using dialect: org.hibernate.dialect.MySQL8Dialect
16:06:29.990 [restartedMain] INFO  o.h.e.t.j.p.i.JtaPlatformInitiator - [initiateService,52] - HHH000490: Using JtaPlatform implementation: [org.hibernate.engine.transaction.jta.platform.internal.NoJtaPlatform]
16:06:32.536 [restartedMain] INFO  o.q.i.StdSchedulerFactory - [instantiate,1220] - Using default implementation for ThreadExecutor
16:06:32.550 [restartedMain] INFO  o.q.c.SchedulerSignalerImpl - [<init>,61] - Initialized Scheduler Signaller of type: class org.quartz.core.SchedulerSignalerImpl
16:06:32.550 [restartedMain] INFO  o.q.c.QuartzScheduler - [<init>,229] - Quartz Scheduler v.2.3.2 created.
16:06:32.557 [restartedMain] INFO  o.q.c.QuartzScheduler - [initialize,294] - Scheduler meta-data: Quartz Scheduler (v2.3.2) 'RuoyiScheduler' with instanceId 'MGMMacBook-Pro.local1747983992537'
  Scheduler class: 'org.quartz.core.QuartzScheduler' - running locally.
  NOT STARTED.
  Currently in standby mode.
  Number of jobs executed: 0
  Using thread pool 'org.quartz.simpl.SimpleThreadPool' - with 20 threads.
  Using job-store 'org.springframework.scheduling.quartz.LocalDataSourceJobStore' - which supports persistence. and is clustered.

16:06:32.557 [restartedMain] INFO  o.q.i.StdSchedulerFactory - [instantiate,1374] - Quartz scheduler 'RuoyiScheduler' initialized from an externally provided properties instance.
16:06:32.557 [restartedMain] INFO  o.q.i.StdSchedulerFactory - [instantiate,1378] - Quartz scheduler version: 2.3.2
16:06:32.558 [restartedMain] INFO  o.q.c.QuartzScheduler - [setJobFactory,2293] - JobFactory set to: org.springframework.scheduling.quartz.AdaptableJobFactory@edf6d0f
16:06:35.093 [restartedMain] INFO  o.a.c.h.Http11NioProtocol - [log,173] - Starting ProtocolHandler ["http-nio-0.0.0.0-8088"]
16:06:35.497 [restartedMain] INFO  c.s.RuoYiApplication - [logStarted,61] - Started RuoYiApplication in 11.843 seconds (JVM running for 12.787)
16:06:36.538 [Quartz Scheduler [RuoyiScheduler]] INFO  o.q.c.QuartzScheduler - [start,547] - Scheduler RuoyiScheduler_$_MGMMacBook-Pro.local1747983992537 started.
16:06:47.006 [http-nio-0.0.0.0-8088-exec-1] INFO  o.a.c.c.C.[.[.[/] - [log,173] - Initializing Spring DispatcherServlet 'dispatcherServlet'
17:22:44.287 [SpringApplicationShutdownHook] INFO  o.q.c.QuartzScheduler - [standby,585] - Scheduler RuoyiScheduler_$_MGMMacBook-Pro.local1747983992537 paused.
17:22:44.444 [SpringApplicationShutdownHook] INFO  o.q.c.QuartzScheduler - [shutdown,666] - Scheduler RuoyiScheduler_$_MGMMacBook-Pro.local1747983992537 shutting down.
17:22:44.448 [SpringApplicationShutdownHook] INFO  o.q.c.QuartzScheduler - [standby,585] - Scheduler RuoyiScheduler_$_MGMMacBook-Pro.local1747983992537 paused.
17:22:44.452 [SpringApplicationShutdownHook] INFO  o.q.c.QuartzScheduler - [shutdown,740] - Scheduler RuoyiScheduler_$_MGMMacBook-Pro.local1747983992537 shutdown complete.
17:22:44.454 [SpringApplicationShutdownHook] INFO  sys-user - [shutdownAsyncManager,31] - ====关闭后台任务任务线程池====
17:22:44.503 [SpringApplicationShutdownHook] INFO  c.a.d.p.DruidDataSource - [close,2071] - {dataSource-1} closing ...
17:22:44.518 [SpringApplicationShutdownHook] INFO  c.a.d.p.DruidDataSource - [close,2144] - {dataSource-1} closed
17:22:52.388 [restartedMain] INFO  c.s.RuoYiApplication - [logStarting,55] - Starting RuoYiApplication using Java 1.8.0_442 on MGMMacBook-Pro.local with PID 41418 (/Users/mgm/Desktop/YoLive-main/source-vue-master/source-admin/target/classes started by mgm in /Users/mgm/Desktop/YoLive-main)
17:22:52.395 [restartedMain] INFO  c.s.RuoYiApplication - [logStartupProfileInfo,674] - The following profiles are active: druid
17:22:52.397 [background-preinit] INFO  o.h.v.i.util.Version - [<clinit>,21] - HV000001: Hibernate Validator 6.2.0.Final
17:22:57.972 [restartedMain] INFO  o.a.c.h.Http11NioProtocol - [log,173] - Initializing ProtocolHandler ["http-nio-0.0.0.0-8088"]
17:22:57.974 [restartedMain] INFO  o.a.c.c.StandardService - [log,173] - Starting service [Tomcat]
17:22:57.975 [restartedMain] INFO  o.a.c.c.StandardEngine - [log,173] - Starting Servlet engine: [Apache Tomcat/9.0.56]
17:22:58.108 [restartedMain] INFO  o.a.c.c.C.[.[.[/] - [log,173] - Initializing Spring embedded WebApplicationContext
17:23:00.400 [restartedMain] INFO  c.a.d.p.DruidDataSource - [init,998] - {dataSource-1} inited
17:23:00.515 [restartedMain] INFO  o.h.j.i.u.LogHelper - [logPersistenceUnitInformation,31] - HHH000204: Processing PersistenceUnitInfo [name: default]
17:23:00.587 [restartedMain] INFO  o.hibernate.Version - [logVersion,44] - HHH000412: Hibernate ORM core version 5.4.33
17:23:00.744 [restartedMain] INFO  o.h.a.common.Version - [<clinit>,56] - HCANN000001: Hibernate Commons Annotations {5.1.2.Final}
17:23:00.921 [restartedMain] INFO  o.h.dialect.Dialect - [<init>,175] - HHH000400: Using dialect: org.hibernate.dialect.MySQL8Dialect
17:23:01.803 [restartedMain] INFO  o.h.e.t.j.p.i.JtaPlatformInitiator - [initiateService,52] - HHH000490: Using JtaPlatform implementation: [org.hibernate.engine.transaction.jta.platform.internal.NoJtaPlatform]
17:23:05.388 [restartedMain] INFO  o.q.i.StdSchedulerFactory - [instantiate,1220] - Using default implementation for ThreadExecutor
17:23:05.404 [restartedMain] INFO  o.q.c.SchedulerSignalerImpl - [<init>,61] - Initialized Scheduler Signaller of type: class org.quartz.core.SchedulerSignalerImpl
17:23:05.404 [restartedMain] INFO  o.q.c.QuartzScheduler - [<init>,229] - Quartz Scheduler v.2.3.2 created.
17:23:05.413 [restartedMain] INFO  o.q.c.QuartzScheduler - [initialize,294] - Scheduler meta-data: Quartz Scheduler (v2.3.2) 'RuoyiScheduler' with instanceId 'MGMMacBook-Pro.local1747988585391'
  Scheduler class: 'org.quartz.core.QuartzScheduler' - running locally.
  NOT STARTED.
  Currently in standby mode.
  Number of jobs executed: 0
  Using thread pool 'org.quartz.simpl.SimpleThreadPool' - with 20 threads.
  Using job-store 'org.springframework.scheduling.quartz.LocalDataSourceJobStore' - which supports persistence. and is clustered.

17:23:05.414 [restartedMain] INFO  o.q.i.StdSchedulerFactory - [instantiate,1374] - Quartz scheduler 'RuoyiScheduler' initialized from an externally provided properties instance.
17:23:05.414 [restartedMain] INFO  o.q.i.StdSchedulerFactory - [instantiate,1378] - Quartz scheduler version: 2.3.2
17:23:05.416 [restartedMain] INFO  o.q.c.QuartzScheduler - [setJobFactory,2293] - JobFactory set to: org.springframework.scheduling.quartz.AdaptableJobFactory@30b27aea
17:23:09.313 [restartedMain] INFO  o.a.c.h.Http11NioProtocol - [log,173] - Starting ProtocolHandler ["http-nio-0.0.0.0-8088"]
17:23:09.766 [restartedMain] INFO  c.s.RuoYiApplication - [logStarted,61] - Started RuoYiApplication in 18.018 seconds (JVM running for 21.012)
17:23:10.832 [Quartz Scheduler [RuoyiScheduler]] INFO  o.q.c.QuartzScheduler - [start,547] - Scheduler RuoyiScheduler_$_MGMMacBook-Pro.local1747988585391 started.
17:27:38.736 [SpringApplicationShutdownHook] INFO  o.q.c.QuartzScheduler - [standby,585] - Scheduler RuoyiScheduler_$_MGMMacBook-Pro.local1747988585391 paused.
17:27:38.918 [SpringApplicationShutdownHook] INFO  o.q.c.QuartzScheduler - [shutdown,666] - Scheduler RuoyiScheduler_$_MGMMacBook-Pro.local1747988585391 shutting down.
17:27:38.920 [SpringApplicationShutdownHook] INFO  o.q.c.QuartzScheduler - [standby,585] - Scheduler RuoyiScheduler_$_MGMMacBook-Pro.local1747988585391 paused.
17:27:38.925 [SpringApplicationShutdownHook] INFO  o.q.c.QuartzScheduler - [shutdown,740] - Scheduler RuoyiScheduler_$_MGMMacBook-Pro.local1747988585391 shutdown complete.
17:27:38.928 [SpringApplicationShutdownHook] INFO  sys-user - [shutdownAsyncManager,31] - ====关闭后台任务任务线程池====
17:27:38.999 [SpringApplicationShutdownHook] INFO  c.a.d.p.DruidDataSource - [close,2071] - {dataSource-1} closing ...
17:27:39.034 [SpringApplicationShutdownHook] INFO  c.a.d.p.DruidDataSource - [close,2144] - {dataSource-1} closed
17:27:44.349 [restartedMain] INFO  c.s.RuoYiApplication - [logStarting,55] - Starting RuoYiApplication using Java 1.8.0_442 on MGMMacBook-Pro.local with PID 42008 (/Users/mgm/Desktop/YoLive-main/source-vue-master/source-admin/target/classes started by mgm in /Users/mgm/Desktop/YoLive-main)
17:27:44.349 [background-preinit] INFO  o.h.v.i.util.Version - [<clinit>,21] - HV000001: Hibernate Validator 6.2.0.Final
17:27:44.355 [restartedMain] INFO  c.s.RuoYiApplication - [logStartupProfileInfo,674] - The following profiles are active: druid
17:27:48.377 [restartedMain] INFO  o.a.c.h.Http11NioProtocol - [log,173] - Initializing ProtocolHandler ["http-nio-0.0.0.0-8088"]
17:27:48.379 [restartedMain] INFO  o.a.c.c.StandardService - [log,173] - Starting service [Tomcat]
17:27:48.379 [restartedMain] INFO  o.a.c.c.StandardEngine - [log,173] - Starting Servlet engine: [Apache Tomcat/9.0.56]
17:27:48.451 [restartedMain] INFO  o.a.c.c.C.[.[.[/] - [log,173] - Initializing Spring embedded WebApplicationContext
17:27:49.891 [restartedMain] INFO  c.a.d.p.DruidDataSource - [init,998] - {dataSource-1} inited
17:27:49.947 [restartedMain] INFO  o.h.j.i.u.LogHelper - [logPersistenceUnitInformation,31] - HHH000204: Processing PersistenceUnitInfo [name: default]
17:27:49.995 [restartedMain] INFO  o.hibernate.Version - [logVersion,44] - HHH000412: Hibernate ORM core version 5.4.33
17:27:50.117 [restartedMain] INFO  o.h.a.common.Version - [<clinit>,56] - HCANN000001: Hibernate Commons Annotations {5.1.2.Final}
17:27:50.243 [restartedMain] INFO  o.h.dialect.Dialect - [<init>,175] - HHH000400: Using dialect: org.hibernate.dialect.MySQL8Dialect
17:27:50.994 [restartedMain] INFO  o.h.e.t.j.p.i.JtaPlatformInitiator - [initiateService,52] - HHH000490: Using JtaPlatform implementation: [org.hibernate.engine.transaction.jta.platform.internal.NoJtaPlatform]
17:27:53.386 [restartedMain] INFO  o.q.i.StdSchedulerFactory - [instantiate,1220] - Using default implementation for ThreadExecutor
17:27:53.395 [restartedMain] INFO  o.q.c.SchedulerSignalerImpl - [<init>,61] - Initialized Scheduler Signaller of type: class org.quartz.core.SchedulerSignalerImpl
17:27:53.395 [restartedMain] INFO  o.q.c.QuartzScheduler - [<init>,229] - Quartz Scheduler v.2.3.2 created.
17:27:53.401 [restartedMain] INFO  o.q.c.QuartzScheduler - [initialize,294] - Scheduler meta-data: Quartz Scheduler (v2.3.2) 'RuoyiScheduler' with instanceId 'MGMMacBook-Pro.local1747988873387'
  Scheduler class: 'org.quartz.core.QuartzScheduler' - running locally.
  NOT STARTED.
  Currently in standby mode.
  Number of jobs executed: 0
  Using thread pool 'org.quartz.simpl.SimpleThreadPool' - with 20 threads.
  Using job-store 'org.springframework.scheduling.quartz.LocalDataSourceJobStore' - which supports persistence. and is clustered.

17:27:53.401 [restartedMain] INFO  o.q.i.StdSchedulerFactory - [instantiate,1374] - Quartz scheduler 'RuoyiScheduler' initialized from an externally provided properties instance.
17:27:53.401 [restartedMain] INFO  o.q.i.StdSchedulerFactory - [instantiate,1378] - Quartz scheduler version: 2.3.2
17:27:53.402 [restartedMain] INFO  o.q.c.QuartzScheduler - [setJobFactory,2293] - JobFactory set to: org.springframework.scheduling.quartz.AdaptableJobFactory@5063e85b
17:27:56.251 [restartedMain] INFO  o.a.c.h.Http11NioProtocol - [log,173] - Starting ProtocolHandler ["http-nio-0.0.0.0-8088"]
17:27:56.640 [restartedMain] INFO  c.s.RuoYiApplication - [logStarted,61] - Started RuoYiApplication in 12.999 seconds (JVM running for 15.017)
17:27:57.702 [Quartz Scheduler [RuoyiScheduler]] INFO  o.q.c.QuartzScheduler - [start,547] - Scheduler RuoyiScheduler_$_MGMMacBook-Pro.local1747988873387 started.
17:33:03.131 [SpringApplicationShutdownHook] INFO  o.q.c.QuartzScheduler - [standby,585] - Scheduler RuoyiScheduler_$_MGMMacBook-Pro.local1747988873387 paused.
17:33:03.239 [SpringApplicationShutdownHook] INFO  o.q.c.QuartzScheduler - [shutdown,666] - Scheduler RuoyiScheduler_$_MGMMacBook-Pro.local1747988873387 shutting down.
17:33:03.240 [SpringApplicationShutdownHook] INFO  o.q.c.QuartzScheduler - [standby,585] - Scheduler RuoyiScheduler_$_MGMMacBook-Pro.local1747988873387 paused.
17:33:03.242 [SpringApplicationShutdownHook] INFO  o.q.c.QuartzScheduler - [shutdown,740] - Scheduler RuoyiScheduler_$_MGMMacBook-Pro.local1747988873387 shutdown complete.
17:33:03.243 [SpringApplicationShutdownHook] INFO  sys-user - [shutdownAsyncManager,31] - ====关闭后台任务任务线程池====
17:33:03.281 [SpringApplicationShutdownHook] INFO  c.a.d.p.DruidDataSource - [close,2071] - {dataSource-1} closing ...
17:33:03.316 [SpringApplicationShutdownHook] INFO  c.a.d.p.DruidDataSource - [close,2144] - {dataSource-1} closed
17:33:09.182 [restartedMain] INFO  c.s.RuoYiApplication - [logStarting,55] - Starting RuoYiApplication using Java 1.8.0_442 on MGMMacBook-Pro.local with PID 42075 (/Users/mgm/Desktop/YoLive-main/source-vue-master/source-admin/target/classes started by mgm in /Users/mgm/Desktop/YoLive-main)
17:33:09.182 [background-preinit] INFO  o.h.v.i.util.Version - [<clinit>,21] - HV000001: Hibernate Validator 6.2.0.Final
17:33:09.185 [restartedMain] INFO  c.s.RuoYiApplication - [logStartupProfileInfo,674] - The following profiles are active: druid
17:33:12.549 [restartedMain] INFO  o.a.c.h.Http11NioProtocol - [log,173] - Initializing ProtocolHandler ["http-nio-0.0.0.0-8088"]
17:33:12.551 [restartedMain] INFO  o.a.c.c.StandardService - [log,173] - Starting service [Tomcat]
17:33:12.551 [restartedMain] INFO  o.a.c.c.StandardEngine - [log,173] - Starting Servlet engine: [Apache Tomcat/9.0.56]
17:33:12.629 [restartedMain] INFO  o.a.c.c.C.[.[.[/] - [log,173] - Initializing Spring embedded WebApplicationContext
17:33:14.016 [restartedMain] INFO  c.a.d.p.DruidDataSource - [init,998] - {dataSource-1} inited
17:33:14.069 [restartedMain] INFO  o.h.j.i.u.LogHelper - [logPersistenceUnitInformation,31] - HHH000204: Processing PersistenceUnitInfo [name: default]
17:33:14.123 [restartedMain] INFO  o.hibernate.Version - [logVersion,44] - HHH000412: Hibernate ORM core version 5.4.33
17:33:14.229 [restartedMain] INFO  o.h.a.common.Version - [<clinit>,56] - HCANN000001: Hibernate Commons Annotations {5.1.2.Final}
17:33:14.347 [restartedMain] INFO  o.h.dialect.Dialect - [<init>,175] - HHH000400: Using dialect: org.hibernate.dialect.MySQL8Dialect
17:33:15.236 [restartedMain] INFO  o.h.e.t.j.p.i.JtaPlatformInitiator - [initiateService,52] - HHH000490: Using JtaPlatform implementation: [org.hibernate.engine.transaction.jta.platform.internal.NoJtaPlatform]
17:33:17.476 [restartedMain] INFO  o.q.i.StdSchedulerFactory - [instantiate,1220] - Using default implementation for ThreadExecutor
17:33:17.485 [restartedMain] INFO  o.q.c.SchedulerSignalerImpl - [<init>,61] - Initialized Scheduler Signaller of type: class org.quartz.core.SchedulerSignalerImpl
17:33:17.486 [restartedMain] INFO  o.q.c.QuartzScheduler - [<init>,229] - Quartz Scheduler v.2.3.2 created.
17:33:17.490 [restartedMain] INFO  o.q.c.QuartzScheduler - [initialize,294] - Scheduler meta-data: Quartz Scheduler (v2.3.2) 'RuoyiScheduler' with instanceId 'MGMMacBook-Pro.local1747989197477'
  Scheduler class: 'org.quartz.core.QuartzScheduler' - running locally.
  NOT STARTED.
  Currently in standby mode.
  Number of jobs executed: 0
  Using thread pool 'org.quartz.simpl.SimpleThreadPool' - with 20 threads.
  Using job-store 'org.springframework.scheduling.quartz.LocalDataSourceJobStore' - which supports persistence. and is clustered.

17:33:17.491 [restartedMain] INFO  o.q.i.StdSchedulerFactory - [instantiate,1374] - Quartz scheduler 'RuoyiScheduler' initialized from an externally provided properties instance.
17:33:17.491 [restartedMain] INFO  o.q.i.StdSchedulerFactory - [instantiate,1378] - Quartz scheduler version: 2.3.2
17:33:17.492 [restartedMain] INFO  o.q.c.QuartzScheduler - [setJobFactory,2293] - JobFactory set to: org.springframework.scheduling.quartz.AdaptableJobFactory@1866c455
17:33:19.858 [restartedMain] INFO  o.a.c.h.Http11NioProtocol - [log,173] - Starting ProtocolHandler ["http-nio-0.0.0.0-8088"]
17:33:20.186 [restartedMain] INFO  c.s.RuoYiApplication - [logStarted,61] - Started RuoYiApplication in 11.947 seconds (JVM running for 13.437)
17:33:21.270 [Quartz Scheduler [RuoyiScheduler]] INFO  o.q.c.QuartzScheduler - [start,547] - Scheduler RuoyiScheduler_$_MGMMacBook-Pro.local1747989197477 started.
17:35:13.314 [SpringApplicationShutdownHook] INFO  o.q.c.QuartzScheduler - [standby,585] - Scheduler RuoyiScheduler_$_MGMMacBook-Pro.local1747989197477 paused.
17:35:13.406 [SpringApplicationShutdownHook] INFO  o.q.c.QuartzScheduler - [shutdown,666] - Scheduler RuoyiScheduler_$_MGMMacBook-Pro.local1747989197477 shutting down.
17:35:13.407 [SpringApplicationShutdownHook] INFO  o.q.c.QuartzScheduler - [standby,585] - Scheduler RuoyiScheduler_$_MGMMacBook-Pro.local1747989197477 paused.
17:35:13.412 [SpringApplicationShutdownHook] INFO  o.q.c.QuartzScheduler - [shutdown,740] - Scheduler RuoyiScheduler_$_MGMMacBook-Pro.local1747989197477 shutdown complete.
17:35:13.413 [SpringApplicationShutdownHook] INFO  sys-user - [shutdownAsyncManager,31] - ====关闭后台任务任务线程池====
17:35:13.436 [SpringApplicationShutdownHook] INFO  c.a.d.p.DruidDataSource - [close,2071] - {dataSource-1} closing ...
17:35:13.450 [SpringApplicationShutdownHook] INFO  c.a.d.p.DruidDataSource - [close,2144] - {dataSource-1} closed
17:35:21.919 [background-preinit] INFO  o.h.v.i.util.Version - [<clinit>,21] - HV000001: Hibernate Validator 6.2.0.Final
17:35:21.920 [restartedMain] INFO  c.s.RuoYiApplication - [logStarting,55] - Starting RuoYiApplication using Java 1.8.0_442 on MGMMacBook-Pro.local with PID 42118 (/Users/mgm/Desktop/YoLive-main/source-vue-master/source-admin/target/classes started by mgm in /Users/mgm/Desktop/YoLive-main)
17:35:21.922 [restartedMain] INFO  c.s.RuoYiApplication - [logStartupProfileInfo,674] - The following profiles are active: druid
17:35:24.771 [restartedMain] INFO  o.a.c.h.Http11NioProtocol - [log,173] - Initializing ProtocolHandler ["http-nio-0.0.0.0-8088"]
17:35:24.772 [restartedMain] INFO  o.a.c.c.StandardService - [log,173] - Starting service [Tomcat]
17:35:24.772 [restartedMain] INFO  o.a.c.c.StandardEngine - [log,173] - Starting Servlet engine: [Apache Tomcat/9.0.56]
17:35:24.845 [restartedMain] INFO  o.a.c.c.C.[.[.[/] - [log,173] - Initializing Spring embedded WebApplicationContext
17:35:26.181 [restartedMain] INFO  c.a.d.p.DruidDataSource - [init,998] - {dataSource-1} inited
17:35:26.235 [restartedMain] INFO  o.h.j.i.u.LogHelper - [logPersistenceUnitInformation,31] - HHH000204: Processing PersistenceUnitInfo [name: default]
17:35:26.285 [restartedMain] INFO  o.hibernate.Version - [logVersion,44] - HHH000412: Hibernate ORM core version 5.4.33
17:35:26.390 [restartedMain] INFO  o.h.a.common.Version - [<clinit>,56] - HCANN000001: Hibernate Commons Annotations {5.1.2.Final}
17:35:26.515 [restartedMain] INFO  o.h.dialect.Dialect - [<init>,175] - HHH000400: Using dialect: org.hibernate.dialect.MySQL8Dialect
17:35:27.232 [restartedMain] INFO  o.h.e.t.j.p.i.JtaPlatformInitiator - [initiateService,52] - HHH000490: Using JtaPlatform implementation: [org.hibernate.engine.transaction.jta.platform.internal.NoJtaPlatform]
17:35:29.630 [restartedMain] INFO  o.q.i.StdSchedulerFactory - [instantiate,1220] - Using default implementation for ThreadExecutor
17:35:29.642 [restartedMain] INFO  o.q.c.SchedulerSignalerImpl - [<init>,61] - Initialized Scheduler Signaller of type: class org.quartz.core.SchedulerSignalerImpl
17:35:29.643 [restartedMain] INFO  o.q.c.QuartzScheduler - [<init>,229] - Quartz Scheduler v.2.3.2 created.
17:35:29.650 [restartedMain] INFO  o.q.c.QuartzScheduler - [initialize,294] - Scheduler meta-data: Quartz Scheduler (v2.3.2) 'RuoyiScheduler' with instanceId 'MGMMacBook-Pro.local1747989329631'
  Scheduler class: 'org.quartz.core.QuartzScheduler' - running locally.
  NOT STARTED.
  Currently in standby mode.
  Number of jobs executed: 0
  Using thread pool 'org.quartz.simpl.SimpleThreadPool' - with 20 threads.
  Using job-store 'org.springframework.scheduling.quartz.LocalDataSourceJobStore' - which supports persistence. and is clustered.

17:35:29.650 [restartedMain] INFO  o.q.i.StdSchedulerFactory - [instantiate,1374] - Quartz scheduler 'RuoyiScheduler' initialized from an externally provided properties instance.
17:35:29.650 [restartedMain] INFO  o.q.i.StdSchedulerFactory - [instantiate,1378] - Quartz scheduler version: 2.3.2
17:35:29.652 [restartedMain] INFO  o.q.c.QuartzScheduler - [setJobFactory,2293] - JobFactory set to: org.springframework.scheduling.quartz.AdaptableJobFactory@74440c2e
17:35:32.370 [restartedMain] INFO  o.a.c.h.Http11NioProtocol - [log,173] - Starting ProtocolHandler ["http-nio-0.0.0.0-8088"]
17:35:32.705 [restartedMain] INFO  c.s.RuoYiApplication - [logStarted,61] - Started RuoYiApplication in 11.251 seconds (JVM running for 13.122)
17:35:33.780 [Quartz Scheduler [RuoyiScheduler]] INFO  o.q.c.QuartzScheduler - [start,547] - Scheduler RuoyiScheduler_$_MGMMacBook-Pro.local1747989329631 started.
17:36:37.420 [http-nio-0.0.0.0-8088-exec-1] INFO  o.a.c.c.C.[.[.[/] - [log,173] - Initializing Spring DispatcherServlet 'dispatcherServlet'
17:37:00.316 [SpringApplicationShutdownHook] INFO  o.q.c.QuartzScheduler - [standby,585] - Scheduler RuoyiScheduler_$_MGMMacBook-Pro.local1747989329631 paused.
17:37:00.386 [SpringApplicationShutdownHook] INFO  o.q.c.QuartzScheduler - [shutdown,666] - Scheduler RuoyiScheduler_$_MGMMacBook-Pro.local1747989329631 shutting down.
17:37:00.387 [SpringApplicationShutdownHook] INFO  o.q.c.QuartzScheduler - [standby,585] - Scheduler RuoyiScheduler_$_MGMMacBook-Pro.local1747989329631 paused.
17:37:00.389 [SpringApplicationShutdownHook] INFO  o.q.c.QuartzScheduler - [shutdown,740] - Scheduler RuoyiScheduler_$_MGMMacBook-Pro.local1747989329631 shutdown complete.
17:37:00.390 [SpringApplicationShutdownHook] INFO  sys-user - [shutdownAsyncManager,31] - ====关闭后台任务任务线程池====
17:37:00.419 [SpringApplicationShutdownHook] INFO  c.a.d.p.DruidDataSource - [close,2071] - {dataSource-1} closing ...
17:37:00.445 [SpringApplicationShutdownHook] INFO  c.a.d.p.DruidDataSource - [close,2144] - {dataSource-1} closed
17:37:05.323 [background-preinit] INFO  o.h.v.i.util.Version - [<clinit>,21] - HV000001: Hibernate Validator 6.2.0.Final
17:37:05.324 [restartedMain] INFO  c.s.RuoYiApplication - [logStarting,55] - Starting RuoYiApplication using Java 1.8.0_442 on MGMMacBook-Pro.local with PID 42149 (/Users/mgm/Desktop/YoLive-main/source-vue-master/source-admin/target/classes started by mgm in /Users/mgm/Desktop/YoLive-main)
17:37:05.327 [restartedMain] INFO  c.s.RuoYiApplication - [logStartupProfileInfo,674] - The following profiles are active: druid
17:37:09.801 [restartedMain] INFO  o.a.c.h.Http11NioProtocol - [log,173] - Initializing ProtocolHandler ["http-nio-0.0.0.0-8088"]
17:37:09.803 [restartedMain] INFO  o.a.c.c.StandardService - [log,173] - Starting service [Tomcat]
17:37:09.804 [restartedMain] INFO  o.a.c.c.StandardEngine - [log,173] - Starting Servlet engine: [Apache Tomcat/9.0.56]
17:37:09.886 [restartedMain] INFO  o.a.c.c.C.[.[.[/] - [log,173] - Initializing Spring embedded WebApplicationContext
17:37:11.256 [restartedMain] INFO  c.a.d.p.DruidDataSource - [init,998] - {dataSource-1} inited
17:37:11.309 [restartedMain] INFO  o.h.j.i.u.LogHelper - [logPersistenceUnitInformation,31] - HHH000204: Processing PersistenceUnitInfo [name: default]
17:37:11.362 [restartedMain] INFO  o.hibernate.Version - [logVersion,44] - HHH000412: Hibernate ORM core version 5.4.33
17:37:11.478 [restartedMain] INFO  o.h.a.common.Version - [<clinit>,56] - HCANN000001: Hibernate Commons Annotations {5.1.2.Final}
17:37:11.593 [restartedMain] INFO  o.h.dialect.Dialect - [<init>,175] - HHH000400: Using dialect: org.hibernate.dialect.MySQL8Dialect
17:37:12.295 [restartedMain] INFO  o.h.e.t.j.p.i.JtaPlatformInitiator - [initiateService,52] - HHH000490: Using JtaPlatform implementation: [org.hibernate.engine.transaction.jta.platform.internal.NoJtaPlatform]
17:37:14.684 [restartedMain] INFO  o.q.i.StdSchedulerFactory - [instantiate,1220] - Using default implementation for ThreadExecutor
17:37:14.703 [restartedMain] INFO  o.q.c.SchedulerSignalerImpl - [<init>,61] - Initialized Scheduler Signaller of type: class org.quartz.core.SchedulerSignalerImpl
17:37:14.703 [restartedMain] INFO  o.q.c.QuartzScheduler - [<init>,229] - Quartz Scheduler v.2.3.2 created.
17:37:14.710 [restartedMain] INFO  o.q.c.QuartzScheduler - [initialize,294] - Scheduler meta-data: Quartz Scheduler (v2.3.2) 'RuoyiScheduler' with instanceId 'MGMMacBook-Pro.local1747989434685'
  Scheduler class: 'org.quartz.core.QuartzScheduler' - running locally.
  NOT STARTED.
  Currently in standby mode.
  Number of jobs executed: 0
  Using thread pool 'org.quartz.simpl.SimpleThreadPool' - with 20 threads.
  Using job-store 'org.springframework.scheduling.quartz.LocalDataSourceJobStore' - which supports persistence. and is clustered.

17:37:14.710 [restartedMain] INFO  o.q.i.StdSchedulerFactory - [instantiate,1374] - Quartz scheduler 'RuoyiScheduler' initialized from an externally provided properties instance.
17:37:14.711 [restartedMain] INFO  o.q.i.StdSchedulerFactory - [instantiate,1378] - Quartz scheduler version: 2.3.2
17:37:14.713 [restartedMain] INFO  o.q.c.QuartzScheduler - [setJobFactory,2293] - JobFactory set to: org.springframework.scheduling.quartz.AdaptableJobFactory@3950db48
17:37:17.267 [restartedMain] INFO  o.a.c.h.Http11NioProtocol - [log,173] - Starting ProtocolHandler ["http-nio-0.0.0.0-8088"]
17:37:17.615 [restartedMain] INFO  c.s.RuoYiApplication - [logStarted,61] - Started RuoYiApplication in 13.171 seconds (JVM running for 14.735)
17:37:18.662 [Quartz Scheduler [RuoyiScheduler]] INFO  o.q.c.QuartzScheduler - [start,547] - Scheduler RuoyiScheduler_$_MGMMacBook-Pro.local1747989434685 started.
17:37:25.080 [http-nio-0.0.0.0-8088-exec-1] INFO  o.a.c.c.C.[.[.[/] - [log,173] - Initializing Spring DispatcherServlet 'dispatcherServlet'
17:40:22.458 [SpringApplicationShutdownHook] INFO  o.q.c.QuartzScheduler - [standby,585] - Scheduler RuoyiScheduler_$_MGMMacBook-Pro.local1747989434685 paused.
17:40:22.579 [SpringApplicationShutdownHook] INFO  o.q.c.QuartzScheduler - [shutdown,666] - Scheduler RuoyiScheduler_$_MGMMacBook-Pro.local1747989434685 shutting down.
17:40:22.872 [SpringApplicationShutdownHook] INFO  o.q.c.QuartzScheduler - [standby,585] - Scheduler RuoyiScheduler_$_MGMMacBook-Pro.local1747989434685 paused.
17:40:22.874 [SpringApplicationShutdownHook] INFO  o.q.c.QuartzScheduler - [shutdown,740] - Scheduler RuoyiScheduler_$_MGMMacBook-Pro.local1747989434685 shutdown complete.
17:40:22.875 [SpringApplicationShutdownHook] INFO  sys-user - [shutdownAsyncManager,31] - ====关闭后台任务任务线程池====
17:40:22.921 [SpringApplicationShutdownHook] INFO  c.a.d.p.DruidDataSource - [close,2071] - {dataSource-1} closing ...
17:40:22.947 [SpringApplicationShutdownHook] INFO  c.a.d.p.DruidDataSource - [close,2144] - {dataSource-1} closed
17:40:29.224 [background-preinit] INFO  o.h.v.i.util.Version - [<clinit>,21] - HV000001: Hibernate Validator 6.2.0.Final
17:40:29.224 [restartedMain] INFO  c.s.RuoYiApplication - [logStarting,55] - Starting RuoYiApplication using Java 1.8.0_442 on MGMMacBook-Pro.local with PID 42221 (/Users/mgm/Desktop/YoLive-main/source-vue-master/source-admin/target/classes started by mgm in /Users/mgm/Desktop/YoLive-main)
17:40:29.236 [restartedMain] INFO  c.s.RuoYiApplication - [logStartupProfileInfo,674] - The following profiles are active: druid
17:40:32.206 [restartedMain] INFO  o.a.c.h.Http11NioProtocol - [log,173] - Initializing ProtocolHandler ["http-nio-0.0.0.0-8088"]
17:40:32.207 [restartedMain] INFO  o.a.c.c.StandardService - [log,173] - Starting service [Tomcat]
17:40:32.207 [restartedMain] INFO  o.a.c.c.StandardEngine - [log,173] - Starting Servlet engine: [Apache Tomcat/9.0.56]
17:40:32.308 [restartedMain] INFO  o.a.c.c.C.[.[.[/] - [log,173] - Initializing Spring embedded WebApplicationContext
17:40:33.646 [restartedMain] INFO  c.a.d.p.DruidDataSource - [init,998] - {dataSource-1} inited
17:40:33.699 [restartedMain] INFO  o.h.j.i.u.LogHelper - [logPersistenceUnitInformation,31] - HHH000204: Processing PersistenceUnitInfo [name: default]
17:40:33.745 [restartedMain] INFO  o.hibernate.Version - [logVersion,44] - HHH000412: Hibernate ORM core version 5.4.33
17:40:33.845 [restartedMain] INFO  o.h.a.common.Version - [<clinit>,56] - HCANN000001: Hibernate Commons Annotations {5.1.2.Final}
17:40:33.983 [restartedMain] INFO  o.h.dialect.Dialect - [<init>,175] - HHH000400: Using dialect: org.hibernate.dialect.MySQL8Dialect
17:40:34.676 [restartedMain] INFO  o.h.e.t.j.p.i.JtaPlatformInitiator - [initiateService,52] - HHH000490: Using JtaPlatform implementation: [org.hibernate.engine.transaction.jta.platform.internal.NoJtaPlatform]
17:40:37.075 [restartedMain] INFO  o.q.i.StdSchedulerFactory - [instantiate,1220] - Using default implementation for ThreadExecutor
17:40:37.084 [restartedMain] INFO  o.q.c.SchedulerSignalerImpl - [<init>,61] - Initialized Scheduler Signaller of type: class org.quartz.core.SchedulerSignalerImpl
17:40:37.084 [restartedMain] INFO  o.q.c.QuartzScheduler - [<init>,229] - Quartz Scheduler v.2.3.2 created.
17:40:37.090 [restartedMain] INFO  o.q.c.QuartzScheduler - [initialize,294] - Scheduler meta-data: Quartz Scheduler (v2.3.2) 'RuoyiScheduler' with instanceId 'MGMMacBook-Pro.local1747989637076'
  Scheduler class: 'org.quartz.core.QuartzScheduler' - running locally.
  NOT STARTED.
  Currently in standby mode.
  Number of jobs executed: 0
  Using thread pool 'org.quartz.simpl.SimpleThreadPool' - with 20 threads.
  Using job-store 'org.springframework.scheduling.quartz.LocalDataSourceJobStore' - which supports persistence. and is clustered.

17:40:37.091 [restartedMain] INFO  o.q.i.StdSchedulerFactory - [instantiate,1374] - Quartz scheduler 'RuoyiScheduler' initialized from an externally provided properties instance.
17:40:37.091 [restartedMain] INFO  o.q.i.StdSchedulerFactory - [instantiate,1378] - Quartz scheduler version: 2.3.2
17:40:37.092 [restartedMain] INFO  o.q.c.QuartzScheduler - [setJobFactory,2293] - JobFactory set to: org.springframework.scheduling.quartz.AdaptableJobFactory@1d50be08
17:40:39.484 [restartedMain] INFO  o.a.c.h.Http11NioProtocol - [log,173] - Starting ProtocolHandler ["http-nio-0.0.0.0-8088"]
17:40:39.824 [restartedMain] INFO  c.s.RuoYiApplication - [logStarted,61] - Started RuoYiApplication in 11.207 seconds (JVM running for 12.856)
17:40:40.866 [Quartz Scheduler [RuoyiScheduler]] INFO  o.q.c.QuartzScheduler - [start,547] - Scheduler RuoyiScheduler_$_MGMMacBook-Pro.local1747989637076 started.
17:40:47.778 [http-nio-0.0.0.0-8088-exec-1] INFO  o.a.c.c.C.[.[.[/] - [log,173] - Initializing Spring DispatcherServlet 'dispatcherServlet'
17:45:00.094 [SpringApplicationShutdownHook] INFO  o.q.c.QuartzScheduler - [standby,585] - Scheduler RuoyiScheduler_$_MGMMacBook-Pro.local1747989637076 paused.
17:45:00.636 [SpringApplicationShutdownHook] INFO  o.q.c.QuartzScheduler - [shutdown,666] - Scheduler RuoyiScheduler_$_MGMMacBook-Pro.local1747989637076 shutting down.
17:45:00.637 [SpringApplicationShutdownHook] INFO  o.q.c.QuartzScheduler - [standby,585] - Scheduler RuoyiScheduler_$_MGMMacBook-Pro.local1747989637076 paused.
17:45:00.639 [SpringApplicationShutdownHook] INFO  o.q.c.QuartzScheduler - [shutdown,740] - Scheduler RuoyiScheduler_$_MGMMacBook-Pro.local1747989637076 shutdown complete.
17:45:00.640 [SpringApplicationShutdownHook] INFO  sys-user - [shutdownAsyncManager,31] - ====关闭后台任务任务线程池====
17:45:00.717 [SpringApplicationShutdownHook] INFO  c.a.d.p.DruidDataSource - [close,2071] - {dataSource-1} closing ...
17:45:00.753 [SpringApplicationShutdownHook] INFO  c.a.d.p.DruidDataSource - [close,2144] - {dataSource-1} closed
17:45:05.205 [restartedMain] INFO  c.s.RuoYiApplication - [logStarting,55] - Starting RuoYiApplication using Java 1.8.0_442 on MGMMacBook-Pro.local with PID 42271 (/Users/mgm/Desktop/YoLive-main/source-vue-master/source-admin/target/classes started by mgm in /Users/mgm/Desktop/YoLive-main)
17:45:05.208 [background-preinit] INFO  o.h.v.i.util.Version - [<clinit>,21] - HV000001: Hibernate Validator 6.2.0.Final
17:45:05.210 [restartedMain] INFO  c.s.RuoYiApplication - [logStartupProfileInfo,674] - The following profiles are active: druid
17:45:08.147 [restartedMain] INFO  o.a.c.h.Http11NioProtocol - [log,173] - Initializing ProtocolHandler ["http-nio-0.0.0.0-8088"]
17:45:08.149 [restartedMain] INFO  o.a.c.c.StandardService - [log,173] - Starting service [Tomcat]
17:45:08.149 [restartedMain] INFO  o.a.c.c.StandardEngine - [log,173] - Starting Servlet engine: [Apache Tomcat/9.0.56]
17:45:08.218 [restartedMain] INFO  o.a.c.c.C.[.[.[/] - [log,173] - Initializing Spring embedded WebApplicationContext
17:45:09.562 [restartedMain] INFO  c.a.d.p.DruidDataSource - [init,998] - {dataSource-1} inited
17:45:09.614 [restartedMain] INFO  o.h.j.i.u.LogHelper - [logPersistenceUnitInformation,31] - HHH000204: Processing PersistenceUnitInfo [name: default]
17:45:09.662 [restartedMain] INFO  o.hibernate.Version - [logVersion,44] - HHH000412: Hibernate ORM core version 5.4.33
17:45:09.763 [restartedMain] INFO  o.h.a.common.Version - [<clinit>,56] - HCANN000001: Hibernate Commons Annotations {5.1.2.Final}
17:45:09.890 [restartedMain] INFO  o.h.dialect.Dialect - [<init>,175] - HHH000400: Using dialect: org.hibernate.dialect.MySQL8Dialect
17:45:10.606 [restartedMain] INFO  o.h.e.t.j.p.i.JtaPlatformInitiator - [initiateService,52] - HHH000490: Using JtaPlatform implementation: [org.hibernate.engine.transaction.jta.platform.internal.NoJtaPlatform]
17:45:12.939 [restartedMain] INFO  o.q.i.StdSchedulerFactory - [instantiate,1220] - Using default implementation for ThreadExecutor
17:45:12.951 [restartedMain] INFO  o.q.c.SchedulerSignalerImpl - [<init>,61] - Initialized Scheduler Signaller of type: class org.quartz.core.SchedulerSignalerImpl
17:45:12.951 [restartedMain] INFO  o.q.c.QuartzScheduler - [<init>,229] - Quartz Scheduler v.2.3.2 created.
17:45:12.960 [restartedMain] INFO  o.q.c.QuartzScheduler - [initialize,294] - Scheduler meta-data: Quartz Scheduler (v2.3.2) 'RuoyiScheduler' with instanceId 'MGMMacBook-Pro.local1747989912940'
  Scheduler class: 'org.quartz.core.QuartzScheduler' - running locally.
  NOT STARTED.
  Currently in standby mode.
  Number of jobs executed: 0
  Using thread pool 'org.quartz.simpl.SimpleThreadPool' - with 20 threads.
  Using job-store 'org.springframework.scheduling.quartz.LocalDataSourceJobStore' - which supports persistence. and is clustered.

17:45:12.961 [restartedMain] INFO  o.q.i.StdSchedulerFactory - [instantiate,1374] - Quartz scheduler 'RuoyiScheduler' initialized from an externally provided properties instance.
17:45:12.961 [restartedMain] INFO  o.q.i.StdSchedulerFactory - [instantiate,1378] - Quartz scheduler version: 2.3.2
17:45:12.962 [restartedMain] INFO  o.q.c.QuartzScheduler - [setJobFactory,2293] - JobFactory set to: org.springframework.scheduling.quartz.AdaptableJobFactory@54aa8ca0
17:45:15.599 [restartedMain] INFO  o.a.c.h.Http11NioProtocol - [log,173] - Starting ProtocolHandler ["http-nio-0.0.0.0-8088"]
17:45:15.927 [restartedMain] INFO  c.s.RuoYiApplication - [logStarted,61] - Started RuoYiApplication in 11.281 seconds (JVM running for 12.549)
17:45:16.969 [Quartz Scheduler [RuoyiScheduler]] INFO  o.q.c.QuartzScheduler - [start,547] - Scheduler RuoyiScheduler_$_MGMMacBook-Pro.local1747989912940 started.
17:45:20.924 [http-nio-0.0.0.0-8088-exec-1] INFO  o.a.c.c.C.[.[.[/] - [log,173] - Initializing Spring DispatcherServlet 'dispatcherServlet'
18:11:52.338 [SpringApplicationShutdownHook] INFO  o.q.c.QuartzScheduler - [standby,585] - Scheduler RuoyiScheduler_$_MGMMacBook-Pro.local1747989912940 paused.
18:11:52.621 [SpringApplicationShutdownHook] INFO  o.q.c.QuartzScheduler - [shutdown,666] - Scheduler RuoyiScheduler_$_MGMMacBook-Pro.local1747989912940 shutting down.
18:11:52.622 [SpringApplicationShutdownHook] INFO  o.q.c.QuartzScheduler - [standby,585] - Scheduler RuoyiScheduler_$_MGMMacBook-Pro.local1747989912940 paused.
18:11:52.627 [SpringApplicationShutdownHook] INFO  o.q.c.QuartzScheduler - [shutdown,740] - Scheduler RuoyiScheduler_$_MGMMacBook-Pro.local1747989912940 shutdown complete.
18:11:52.628 [SpringApplicationShutdownHook] INFO  sys-user - [shutdownAsyncManager,31] - ====关闭后台任务任务线程池====
18:11:52.692 [SpringApplicationShutdownHook] INFO  c.a.d.p.DruidDataSource - [close,2071] - {dataSource-1} closing ...
18:11:52.728 [SpringApplicationShutdownHook] INFO  c.a.d.p.DruidDataSource - [close,2144] - {dataSource-1} closed
18:11:57.148 [background-preinit] INFO  o.h.v.i.util.Version - [<clinit>,21] - HV000001: Hibernate Validator 6.2.0.Final
18:11:57.149 [restartedMain] INFO  c.s.RuoYiApplication - [logStarting,55] - Starting RuoYiApplication using Java 1.8.0_442 on MGMMacBook-Pro.local with PID 42705 (/Users/mgm/Desktop/YoLive-main/source-vue-master/source-admin/target/classes started by mgm in /Users/mgm/Desktop/YoLive-main)
18:11:57.153 [restartedMain] INFO  c.s.RuoYiApplication - [logStartupProfileInfo,674] - The following profiles are active: druid
18:12:00.193 [restartedMain] INFO  o.a.c.h.Http11NioProtocol - [log,173] - Initializing ProtocolHandler ["http-nio-0.0.0.0-8088"]
18:12:00.194 [restartedMain] INFO  o.a.c.c.StandardService - [log,173] - Starting service [Tomcat]
18:12:00.195 [restartedMain] INFO  o.a.c.c.StandardEngine - [log,173] - Starting Servlet engine: [Apache Tomcat/9.0.56]
18:12:00.277 [restartedMain] INFO  o.a.c.c.C.[.[.[/] - [log,173] - Initializing Spring embedded WebApplicationContext
18:12:01.845 [restartedMain] INFO  c.a.d.p.DruidDataSource - [init,998] - {dataSource-1} inited
18:12:01.909 [restartedMain] INFO  o.h.j.i.u.LogHelper - [logPersistenceUnitInformation,31] - HHH000204: Processing PersistenceUnitInfo [name: default]
18:12:01.963 [restartedMain] INFO  o.hibernate.Version - [logVersion,44] - HHH000412: Hibernate ORM core version 5.4.33
18:12:02.087 [restartedMain] INFO  o.h.a.common.Version - [<clinit>,56] - HCANN000001: Hibernate Commons Annotations {5.1.2.Final}
18:12:02.232 [restartedMain] INFO  o.h.dialect.Dialect - [<init>,175] - HHH000400: Using dialect: org.hibernate.dialect.MySQL8Dialect
18:12:03.068 [restartedMain] INFO  o.h.e.t.j.p.i.JtaPlatformInitiator - [initiateService,52] - HHH000490: Using JtaPlatform implementation: [org.hibernate.engine.transaction.jta.platform.internal.NoJtaPlatform]
18:12:05.473 [restartedMain] INFO  o.q.i.StdSchedulerFactory - [instantiate,1220] - Using default implementation for ThreadExecutor
18:12:05.483 [restartedMain] INFO  o.q.c.SchedulerSignalerImpl - [<init>,61] - Initialized Scheduler Signaller of type: class org.quartz.core.SchedulerSignalerImpl
18:12:05.483 [restartedMain] INFO  o.q.c.QuartzScheduler - [<init>,229] - Quartz Scheduler v.2.3.2 created.
18:12:05.491 [restartedMain] INFO  o.q.c.QuartzScheduler - [initialize,294] - Scheduler meta-data: Quartz Scheduler (v2.3.2) 'RuoyiScheduler' with instanceId 'MGMMacBook-Pro.local1747991525474'
  Scheduler class: 'org.quartz.core.QuartzScheduler' - running locally.
  NOT STARTED.
  Currently in standby mode.
  Number of jobs executed: 0
  Using thread pool 'org.quartz.simpl.SimpleThreadPool' - with 20 threads.
  Using job-store 'org.springframework.scheduling.quartz.LocalDataSourceJobStore' - which supports persistence. and is clustered.

18:12:05.491 [restartedMain] INFO  o.q.i.StdSchedulerFactory - [instantiate,1374] - Quartz scheduler 'RuoyiScheduler' initialized from an externally provided properties instance.
18:12:05.492 [restartedMain] INFO  o.q.i.StdSchedulerFactory - [instantiate,1378] - Quartz scheduler version: 2.3.2
18:12:05.493 [restartedMain] INFO  o.q.c.QuartzScheduler - [setJobFactory,2293] - JobFactory set to: org.springframework.scheduling.quartz.AdaptableJobFactory@311aa53a
18:12:07.902 [restartedMain] INFO  o.a.c.h.Http11NioProtocol - [log,173] - Starting ProtocolHandler ["http-nio-0.0.0.0-8088"]
18:12:08.237 [restartedMain] INFO  c.s.RuoYiApplication - [logStarted,61] - Started RuoYiApplication in 11.705 seconds (JVM running for 13.073)
18:12:09.407 [Quartz Scheduler [RuoyiScheduler]] INFO  o.q.c.QuartzScheduler - [start,547] - Scheduler RuoyiScheduler_$_MGMMacBook-Pro.local1747991525474 started.
18:12:54.272 [http-nio-0.0.0.0-8088-exec-1] INFO  o.a.c.c.C.[.[.[/] - [log,173] - Initializing Spring DispatcherServlet 'dispatcherServlet'
18:21:36.133 [SpringApplicationShutdownHook] INFO  o.q.c.QuartzScheduler - [standby,585] - Scheduler RuoyiScheduler_$_MGMMacBook-Pro.local1747991525474 paused.
18:21:36.300 [SpringApplicationShutdownHook] INFO  o.q.c.QuartzScheduler - [shutdown,666] - Scheduler RuoyiScheduler_$_MGMMacBook-Pro.local1747991525474 shutting down.
18:21:36.301 [SpringApplicationShutdownHook] INFO  o.q.c.QuartzScheduler - [standby,585] - Scheduler RuoyiScheduler_$_MGMMacBook-Pro.local1747991525474 paused.
18:21:36.303 [SpringApplicationShutdownHook] INFO  o.q.c.QuartzScheduler - [shutdown,740] - Scheduler RuoyiScheduler_$_MGMMacBook-Pro.local1747991525474 shutdown complete.
18:21:36.305 [SpringApplicationShutdownHook] INFO  sys-user - [shutdownAsyncManager,31] - ====关闭后台任务任务线程池====
18:21:36.354 [SpringApplicationShutdownHook] INFO  c.a.d.p.DruidDataSource - [close,2071] - {dataSource-1} closing ...
18:21:36.383 [SpringApplicationShutdownHook] INFO  c.a.d.p.DruidDataSource - [close,2144] - {dataSource-1} closed
18:21:44.558 [background-preinit] INFO  o.h.v.i.util.Version - [<clinit>,21] - HV000001: Hibernate Validator 6.2.0.Final
18:21:44.556 [restartedMain] INFO  c.s.RuoYiApplication - [logStarting,55] - Starting RuoYiApplication using Java 1.8.0_442 on MGMMacBook-Pro.local with PID 42952 (/Users/mgm/Desktop/YoLive-main/source-vue-master/source-admin/target/classes started by mgm in /Users/mgm/Desktop/YoLive-main)
18:21:44.559 [restartedMain] INFO  c.s.RuoYiApplication - [logStartupProfileInfo,674] - The following profiles are active: druid
18:21:47.538 [restartedMain] INFO  o.a.c.h.Http11NioProtocol - [log,173] - Initializing ProtocolHandler ["http-nio-0.0.0.0-8088"]
18:21:47.540 [restartedMain] INFO  o.a.c.c.StandardService - [log,173] - Starting service [Tomcat]
18:21:47.540 [restartedMain] INFO  o.a.c.c.StandardEngine - [log,173] - Starting Servlet engine: [Apache Tomcat/9.0.56]
18:21:47.620 [restartedMain] INFO  o.a.c.c.C.[.[.[/] - [log,173] - Initializing Spring embedded WebApplicationContext
18:21:49.115 [restartedMain] INFO  c.a.d.p.DruidDataSource - [init,998] - {dataSource-1} inited
18:21:49.173 [restartedMain] INFO  o.h.j.i.u.LogHelper - [logPersistenceUnitInformation,31] - HHH000204: Processing PersistenceUnitInfo [name: default]
18:21:49.222 [restartedMain] INFO  o.hibernate.Version - [logVersion,44] - HHH000412: Hibernate ORM core version 5.4.33
18:21:49.340 [restartedMain] INFO  o.h.a.common.Version - [<clinit>,56] - HCANN000001: Hibernate Commons Annotations {5.1.2.Final}
18:21:49.473 [restartedMain] INFO  o.h.dialect.Dialect - [<init>,175] - HHH000400: Using dialect: org.hibernate.dialect.MySQL8Dialect
18:21:50.250 [restartedMain] INFO  o.h.e.t.j.p.i.JtaPlatformInitiator - [initiateService,52] - HHH000490: Using JtaPlatform implementation: [org.hibernate.engine.transaction.jta.platform.internal.NoJtaPlatform]
18:21:52.606 [restartedMain] INFO  o.q.i.StdSchedulerFactory - [instantiate,1220] - Using default implementation for ThreadExecutor
18:21:52.618 [restartedMain] INFO  o.q.c.SchedulerSignalerImpl - [<init>,61] - Initialized Scheduler Signaller of type: class org.quartz.core.SchedulerSignalerImpl
18:21:52.618 [restartedMain] INFO  o.q.c.QuartzScheduler - [<init>,229] - Quartz Scheduler v.2.3.2 created.
18:21:52.624 [restartedMain] INFO  o.q.c.QuartzScheduler - [initialize,294] - Scheduler meta-data: Quartz Scheduler (v2.3.2) 'RuoyiScheduler' with instanceId 'MGMMacBook-Pro.local1747992112607'
  Scheduler class: 'org.quartz.core.QuartzScheduler' - running locally.
  NOT STARTED.
  Currently in standby mode.
  Number of jobs executed: 0
  Using thread pool 'org.quartz.simpl.SimpleThreadPool' - with 20 threads.
  Using job-store 'org.springframework.scheduling.quartz.LocalDataSourceJobStore' - which supports persistence. and is clustered.

18:21:52.625 [restartedMain] INFO  o.q.i.StdSchedulerFactory - [instantiate,1374] - Quartz scheduler 'RuoyiScheduler' initialized from an externally provided properties instance.
18:21:52.625 [restartedMain] INFO  o.q.i.StdSchedulerFactory - [instantiate,1378] - Quartz scheduler version: 2.3.2
18:21:52.627 [restartedMain] INFO  o.q.c.QuartzScheduler - [setJobFactory,2293] - JobFactory set to: org.springframework.scheduling.quartz.AdaptableJobFactory@2dfea632
18:21:55.180 [restartedMain] INFO  o.a.c.h.Http11NioProtocol - [log,173] - Starting ProtocolHandler ["http-nio-0.0.0.0-8088"]
18:21:55.617 [restartedMain] INFO  c.s.RuoYiApplication - [logStarted,61] - Started RuoYiApplication in 11.802 seconds (JVM running for 13.583)
18:21:56.697 [Quartz Scheduler [RuoyiScheduler]] INFO  o.q.c.QuartzScheduler - [start,547] - Scheduler RuoyiScheduler_$_MGMMacBook-Pro.local1747992112607 started.
18:22:15.237 [http-nio-0.0.0.0-8088-exec-1] INFO  o.a.c.c.C.[.[.[/] - [log,173] - Initializing Spring DispatcherServlet 'dispatcherServlet'
18:26:37.469 [SpringApplicationShutdownHook] INFO  o.q.c.QuartzScheduler - [standby,585] - Scheduler RuoyiScheduler_$_MGMMacBook-Pro.local1747992112607 paused.
18:26:37.586 [SpringApplicationShutdownHook] INFO  o.q.c.QuartzScheduler - [shutdown,666] - Scheduler RuoyiScheduler_$_MGMMacBook-Pro.local1747992112607 shutting down.
18:26:37.588 [SpringApplicationShutdownHook] INFO  o.q.c.QuartzScheduler - [standby,585] - Scheduler RuoyiScheduler_$_MGMMacBook-Pro.local1747992112607 paused.
18:26:37.590 [SpringApplicationShutdownHook] INFO  o.q.c.QuartzScheduler - [shutdown,740] - Scheduler RuoyiScheduler_$_MGMMacBook-Pro.local1747992112607 shutdown complete.
18:26:37.591 [SpringApplicationShutdownHook] INFO  sys-user - [shutdownAsyncManager,31] - ====关闭后台任务任务线程池====
18:26:37.632 [SpringApplicationShutdownHook] INFO  c.a.d.p.DruidDataSource - [close,2071] - {dataSource-1} closing ...
18:26:37.670 [SpringApplicationShutdownHook] INFO  c.a.d.p.DruidDataSource - [close,2144] - {dataSource-1} closed
18:26:44.103 [background-preinit] INFO  o.h.v.i.util.Version - [<clinit>,21] - HV000001: Hibernate Validator 6.2.0.Final
18:26:44.197 [restartedMain] INFO  c.s.RuoYiApplication - [logStarting,55] - Starting RuoYiApplication using Java 1.8.0_442 on MGMMacBook-Pro.local with PID 43063 (/Users/mgm/Desktop/YoLive-main/source-vue-master/source-admin/target/classes started by mgm in /Users/mgm/Desktop/YoLive-main)
18:26:44.207 [restartedMain] INFO  c.s.RuoYiApplication - [logStartupProfileInfo,674] - The following profiles are active: druid
18:26:50.217 [restartedMain] INFO  o.a.c.h.Http11NioProtocol - [log,173] - Initializing ProtocolHandler ["http-nio-0.0.0.0-8088"]
18:26:50.220 [restartedMain] INFO  o.a.c.c.StandardService - [log,173] - Starting service [Tomcat]
18:26:50.221 [restartedMain] INFO  o.a.c.c.StandardEngine - [log,173] - Starting Servlet engine: [Apache Tomcat/9.0.56]
18:26:50.379 [restartedMain] INFO  o.a.c.c.C.[.[.[/] - [log,173] - Initializing Spring embedded WebApplicationContext
18:26:52.100 [restartedMain] INFO  c.a.d.p.DruidDataSource - [init,998] - {dataSource-1} inited
18:26:52.155 [restartedMain] INFO  o.h.j.i.u.LogHelper - [logPersistenceUnitInformation,31] - HHH000204: Processing PersistenceUnitInfo [name: default]
18:26:52.207 [restartedMain] INFO  o.hibernate.Version - [logVersion,44] - HHH000412: Hibernate ORM core version 5.4.33
18:26:52.321 [restartedMain] INFO  o.h.a.common.Version - [<clinit>,56] - HCANN000001: Hibernate Commons Annotations {5.1.2.Final}
18:26:52.450 [restartedMain] INFO  o.h.dialect.Dialect - [<init>,175] - HHH000400: Using dialect: org.hibernate.dialect.MySQL8Dialect
18:26:53.223 [restartedMain] INFO  o.h.e.t.j.p.i.JtaPlatformInitiator - [initiateService,52] - HHH000490: Using JtaPlatform implementation: [org.hibernate.engine.transaction.jta.platform.internal.NoJtaPlatform]
18:26:55.651 [restartedMain] INFO  o.q.i.StdSchedulerFactory - [instantiate,1220] - Using default implementation for ThreadExecutor
18:26:55.662 [restartedMain] INFO  o.q.c.SchedulerSignalerImpl - [<init>,61] - Initialized Scheduler Signaller of type: class org.quartz.core.SchedulerSignalerImpl
18:26:55.662 [restartedMain] INFO  o.q.c.QuartzScheduler - [<init>,229] - Quartz Scheduler v.2.3.2 created.
18:26:55.667 [restartedMain] INFO  o.q.c.QuartzScheduler - [initialize,294] - Scheduler meta-data: Quartz Scheduler (v2.3.2) 'RuoyiScheduler' with instanceId 'MGMMacBook-Pro.local1747992415653'
  Scheduler class: 'org.quartz.core.QuartzScheduler' - running locally.
  NOT STARTED.
  Currently in standby mode.
  Number of jobs executed: 0
  Using thread pool 'org.quartz.simpl.SimpleThreadPool' - with 20 threads.
  Using job-store 'org.springframework.scheduling.quartz.LocalDataSourceJobStore' - which supports persistence. and is clustered.

18:26:55.667 [restartedMain] INFO  o.q.i.StdSchedulerFactory - [instantiate,1374] - Quartz scheduler 'RuoyiScheduler' initialized from an externally provided properties instance.
18:26:55.668 [restartedMain] INFO  o.q.i.StdSchedulerFactory - [instantiate,1378] - Quartz scheduler version: 2.3.2
18:26:55.669 [restartedMain] INFO  o.q.c.QuartzScheduler - [setJobFactory,2293] - JobFactory set to: org.springframework.scheduling.quartz.AdaptableJobFactory@39098be0
18:26:58.438 [restartedMain] INFO  o.a.c.h.Http11NioProtocol - [log,173] - Starting ProtocolHandler ["http-nio-0.0.0.0-8088"]
18:26:58.807 [restartedMain] INFO  c.s.RuoYiApplication - [logStarted,61] - Started RuoYiApplication in 15.718 seconds (JVM running for 17.884)
18:26:59.891 [Quartz Scheduler [RuoyiScheduler]] INFO  o.q.c.QuartzScheduler - [start,547] - Scheduler RuoyiScheduler_$_MGMMacBook-Pro.local1747992415653 started.
18:27:07.565 [http-nio-0.0.0.0-8088-exec-1] INFO  o.a.c.c.C.[.[.[/] - [log,173] - Initializing Spring DispatcherServlet 'dispatcherServlet'
18:36:06.069 [SpringApplicationShutdownHook] INFO  o.q.c.QuartzScheduler - [standby,585] - Scheduler RuoyiScheduler_$_MGMMacBook-Pro.local1747992415653 paused.
18:36:06.383 [SpringApplicationShutdownHook] INFO  o.q.c.QuartzScheduler - [shutdown,666] - Scheduler RuoyiScheduler_$_MGMMacBook-Pro.local1747992415653 shutting down.
18:36:06.386 [SpringApplicationShutdownHook] INFO  o.q.c.QuartzScheduler - [standby,585] - Scheduler RuoyiScheduler_$_MGMMacBook-Pro.local1747992415653 paused.
18:36:06.391 [SpringApplicationShutdownHook] INFO  o.q.c.QuartzScheduler - [shutdown,740] - Scheduler RuoyiScheduler_$_MGMMacBook-Pro.local1747992415653 shutdown complete.
18:36:06.392 [SpringApplicationShutdownHook] INFO  sys-user - [shutdownAsyncManager,31] - ====关闭后台任务任务线程池====
18:36:06.425 [SpringApplicationShutdownHook] INFO  c.a.d.p.DruidDataSource - [close,2071] - {dataSource-1} closing ...
18:36:06.444 [SpringApplicationShutdownHook] INFO  c.a.d.p.DruidDataSource - [close,2144] - {dataSource-1} closed
18:36:15.011 [background-preinit] INFO  o.h.v.i.util.Version - [<clinit>,21] - HV000001: Hibernate Validator 6.2.0.Final
18:36:15.049 [restartedMain] INFO  c.s.RuoYiApplication - [logStarting,55] - Starting RuoYiApplication using Java 1.8.0_442 on MGMMacBook-Pro.local with PID 43213 (/Users/mgm/Desktop/YoLive-main/source-vue-master/source-admin/target/classes started by mgm in /Users/mgm/Desktop/YoLive-main)
18:36:15.049 [restartedMain] INFO  c.s.RuoYiApplication - [logStartupProfileInfo,674] - The following profiles are active: druid
18:36:19.550 [restartedMain] INFO  o.a.c.h.Http11NioProtocol - [log,173] - Initializing ProtocolHandler ["http-nio-0.0.0.0-8088"]
18:36:19.552 [restartedMain] INFO  o.a.c.c.StandardService - [log,173] - Starting service [Tomcat]
18:36:19.552 [restartedMain] INFO  o.a.c.c.StandardEngine - [log,173] - Starting Servlet engine: [Apache Tomcat/9.0.56]
18:36:19.637 [restartedMain] INFO  o.a.c.c.C.[.[.[/] - [log,173] - Initializing Spring embedded WebApplicationContext
18:36:20.969 [restartedMain] INFO  c.a.d.p.DruidDataSource - [init,998] - {dataSource-1} inited
18:36:21.022 [restartedMain] INFO  o.h.j.i.u.LogHelper - [logPersistenceUnitInformation,31] - HHH000204: Processing PersistenceUnitInfo [name: default]
18:36:21.069 [restartedMain] INFO  o.hibernate.Version - [logVersion,44] - HHH000412: Hibernate ORM core version 5.4.33
18:36:21.167 [restartedMain] INFO  o.h.a.common.Version - [<clinit>,56] - HCANN000001: Hibernate Commons Annotations {5.1.2.Final}
18:36:21.274 [restartedMain] INFO  o.h.dialect.Dialect - [<init>,175] - HHH000400: Using dialect: org.hibernate.dialect.MySQL8Dialect
18:36:21.933 [restartedMain] INFO  o.h.e.t.j.p.i.JtaPlatformInitiator - [initiateService,52] - HHH000490: Using JtaPlatform implementation: [org.hibernate.engine.transaction.jta.platform.internal.NoJtaPlatform]
18:36:24.331 [restartedMain] INFO  o.q.i.StdSchedulerFactory - [instantiate,1220] - Using default implementation for ThreadExecutor
18:36:24.339 [restartedMain] INFO  o.q.c.SchedulerSignalerImpl - [<init>,61] - Initialized Scheduler Signaller of type: class org.quartz.core.SchedulerSignalerImpl
18:36:24.339 [restartedMain] INFO  o.q.c.QuartzScheduler - [<init>,229] - Quartz Scheduler v.2.3.2 created.
18:36:24.343 [restartedMain] INFO  o.q.c.QuartzScheduler - [initialize,294] - Scheduler meta-data: Quartz Scheduler (v2.3.2) 'RuoyiScheduler' with instanceId 'MGMMacBook-Pro.local1747992984332'
  Scheduler class: 'org.quartz.core.QuartzScheduler' - running locally.
  NOT STARTED.
  Currently in standby mode.
  Number of jobs executed: 0
  Using thread pool 'org.quartz.simpl.SimpleThreadPool' - with 20 threads.
  Using job-store 'org.springframework.scheduling.quartz.LocalDataSourceJobStore' - which supports persistence. and is clustered.

18:36:24.344 [restartedMain] INFO  o.q.i.StdSchedulerFactory - [instantiate,1374] - Quartz scheduler 'RuoyiScheduler' initialized from an externally provided properties instance.
18:36:24.344 [restartedMain] INFO  o.q.i.StdSchedulerFactory - [instantiate,1378] - Quartz scheduler version: 2.3.2
18:36:24.345 [restartedMain] INFO  o.q.c.QuartzScheduler - [setJobFactory,2293] - JobFactory set to: org.springframework.scheduling.quartz.AdaptableJobFactory@3438ae84
18:36:26.838 [restartedMain] INFO  o.a.c.h.Http11NioProtocol - [log,173] - Starting ProtocolHandler ["http-nio-0.0.0.0-8088"]
18:36:27.163 [restartedMain] INFO  c.s.RuoYiApplication - [logStarted,61] - Started RuoYiApplication in 13.127 seconds (JVM running for 14.834)
18:36:28.250 [Quartz Scheduler [RuoyiScheduler]] INFO  o.q.c.QuartzScheduler - [start,547] - Scheduler RuoyiScheduler_$_MGMMacBook-Pro.local1747992984332 started.
18:36:52.802 [http-nio-0.0.0.0-8088-exec-1] INFO  o.a.c.c.C.[.[.[/] - [log,173] - Initializing Spring DispatcherServlet 'dispatcherServlet'
22:10:33.141 [http-nio-0.0.0.0-8088-exec-47] INFO  c.s.c.u.h.HttpUtils - [sendGet,63] - sendGet - https://api.weixin.qq.com/cgi-bin/token?grant_type=client_credential&appid=换你自己的&secret=换你自己的
22:10:34.928 [http-nio-0.0.0.0-8088-exec-49] INFO  c.s.c.u.h.HttpUtils - [sendGet,63] - sendGet - https://api.weixin.qq.com/cgi-bin/token?grant_type=client_credential&appid=换你自己的&secret=换你自己的
22:10:35.688 [http-nio-0.0.0.0-8088-exec-47] INFO  c.s.c.u.h.HttpUtils - [sendGet,76] - recv - {"errcode":40013,"errmsg":"invalid appid rid: 683073cb-2b9ddbe9-65405883"}
22:10:35.687 [http-nio-0.0.0.0-8088-exec-49] INFO  c.s.c.u.h.HttpUtils - [sendGet,76] - recv - {"errcode":40013,"errmsg":"invalid appid rid: 683073cb-4b236656-4210ef09"}
22:11:06.867 [schedule-pool-1] INFO  sys-user - [run,55] - [127.0.0.1]内网IP[admin][Success][登录成功]
22:14:07.841 [schedule-pool-2] INFO  sys-user - [run,55] - [127.0.0.1]内网IP[18720989281][Success][登录成功]
22:16:03.461 [SpringApplicationShutdownHook] INFO  o.q.c.QuartzScheduler - [standby,585] - Scheduler RuoyiScheduler_$_MGMMacBook-Pro.local1747992984332 paused.
22:16:03.678 [SpringApplicationShutdownHook] INFO  o.q.c.QuartzScheduler - [shutdown,666] - Scheduler RuoyiScheduler_$_MGMMacBook-Pro.local1747992984332 shutting down.
22:16:03.679 [SpringApplicationShutdownHook] INFO  o.q.c.QuartzScheduler - [standby,585] - Scheduler RuoyiScheduler_$_MGMMacBook-Pro.local1747992984332 paused.
22:16:03.686 [SpringApplicationShutdownHook] INFO  o.q.c.QuartzScheduler - [shutdown,740] - Scheduler RuoyiScheduler_$_MGMMacBook-Pro.local1747992984332 shutdown complete.
22:16:03.687 [SpringApplicationShutdownHook] INFO  sys-user - [shutdownAsyncManager,31] - ====关闭后台任务任务线程池====
22:16:03.716 [SpringApplicationShutdownHook] INFO  c.a.d.p.DruidDataSource - [close,2071] - {dataSource-1} closing ...
22:16:03.725 [SpringApplicationShutdownHook] INFO  c.a.d.p.DruidDataSource - [close,2144] - {dataSource-1} closed
